ISO-10303-21;
HEADER;
FILE_DESCRIPTION ((''), '2;1');
FILE_NAME ('04 Infrastructure.ifc', '2026-10-09T14:44:27', (''), (''), 'xbim Toolkit v6.1.605.0', 'IfcHopper', '');
FILE_SCHEMA (('IFC4X3_ADD2'));
ENDSEC;
DATA;
#1=IFCPROJECT('3VAEiZZKTI18tB3B2ViRzQ',$,'Infrastructure',$,$,$,$,(#7),#2);
#2=IFCUNITASSIGNMENT((#3,#4,#5,#6));
#3=IFCSIUNIT(*,.LENGTHUNIT.,$,.METRE.);
#4=IFCSIUNIT(*,.AREAUNIT.,$,.SQUARE_METRE.);
#5=IFCSIUNIT(*,.VOLUMEUNIT.,$,.CUBIC_METRE.);
#6=IFCSIUNIT(*,.PLANEANGLEUNIT.,$,.RADIAN.);
#7=IFCGEOMETRICREPRESENTATIONCONTEXT($,'Model',3,1.E-05,#8,$);
#8=IFCAXIS2PLACEMENT3D(#9,$,$);
#9=IFCCARTESIANPOINT((0.,0.,0.));
#10=IFCSITE('2lXS5jrBPTvRgsRH4YSkIR',$,'Harbour corridor',$,$,#11,$,$,.ELEMENT.,$,$,$,$,$);
#11=IFCLOCALPLACEMENT($,#12);
#12=IFCAXIS2PLACEMENT3D(#13,$,$);
#13=IFCCARTESIANPOINT((0.,0.,0.));
#14=IFCROAD('1F$_xZpb5K3u6pyfmDQRzv',$,'Main road',$,$,#15,$,$,.ELEMENT.,$);
#15=IFCLOCALPLACEMENT(#11,#16);
#16=IFCAXIS2PLACEMENT3D(#17,$,$);
#17=IFCCARTESIANPOINT((0.,0.,0.));
#18=IFCROADPART('00QSNFy6HTbgsRzxAyfqfC',$,'Carriageway',$,$,#19,$,$,.ELEMENT.,.LONGITUDINAL.,.CARRIAGEWAY.);
#19=IFCLOCALPLACEMENT(#15,#20);
#20=IFCAXIS2PLACEMENT3D(#21,$,$);
#21=IFCCARTESIANPOINT((0.,0.,0.));
#22=IFCPAVEMENT('3L_gstU09GNO7nZYfXoV0v',$,'Asphalt pavement',$,$,#23,#474,$,$);
#23=IFCLOCALPLACEMENT(#19,#24);
#24=IFCAXIS2PLACEMENT3D(#25,$,$);
#25=IFCCARTESIANPOINT((0.,0.,0.));
#26=IFCCARTESIANPOINTLIST3D(((20.,-16.5,0.),(20.,-16.5,-0.30000001192092896),(20.,-17.66666603088379,0.),(20.,-17.66666603088379,-0.30000001192092896),(20.,-18.83333396911621,0.),(20.,-18.83333396911621,-0.30000001192092896),(20.,-20.,0.),(20.,-20.,-0.30000001192092896),(20.,-21.16666603088379,0.),(20.,-21.16666603088379,-0.30000001192092896),(20.,-22.33333396911621,0.),(20.,-22.33333396911621,-0.30000001192092896),(20.,-23.5,0.),(20.,-23.5,-0.30000001192092896),(18.70967674255371,-16.5,0.),(18.70967674255371,-16.5,-0.30000001192092896),(18.70967674255371,-23.5,0.),(18.70967674255371,-23.5,-0.30000001192092896),(17.5,-16.9375,0.),(17.5,-16.9375,-0.30000001192092896),(17.5,-17.375,0.),(17.5,-17.375,-0.30000001192092896),(17.5,-17.8125,0.),(17.5,-17.8125,-0.30000001192092896),(17.5,-18.25,0.),(17.5,-18.25,-0.30000001192092896),(17.5,-18.6875,0.),(17.5,-18.6875,-0.30000001192092896),(17.5,-19.125,0.),(17.5,-19.125,-0.30000001192092896),(17.5,-19.5625,0.),(17.5,-19.5625,-0.30000001192092896),(17.5,-20.,0.),(17.5,-20.,-0.30000001192092896),(17.5,-20.875,0.),(17.5,-20.875,-0.30000001192092896),(17.5,-21.3125,0.),(17.5,-21.3125,-0.30000001192092896),(17.5,-21.75,0.),(17.5,-21.75,-0.30000001192092896),(17.5,-22.1875,0.),(17.5,-22.1875,-0.30000001192092896),(17.5,-22.625,0.),(17.5,-22.625,-0.30000001192092896),(17.5,-23.0625,0.),(17.5,-23.0625,-0.30000001192092896),(17.419355392456055,-16.5,0.),(17.419355392456055,-16.5,-0.30000001192092896),(17.419355392456055,-23.5,0.),(17.419355392456055,-23.5,-0.30000001192092896),(16.129032135009766,-16.5,0.),(16.129032135009766,-16.5,-0.30000001192092896),(16.129032135009766,-23.5,0.),(16.129032135009766,-23.5,-0.30000001192092896),(15.,-16.9375,0.),(15.,-16.9375,-0.30000001192092896),(15.,-17.375,0.),(15.,-17.375,-0.30000001192092896),(15.,-17.8125,0.),(15.,-17.8125,-0.30000001192092896),(15.,-18.25,0.),(15.,-18.25,-0.30000001192092896),(15.,-18.6875,0.),(15.,-18.6875,-0.30000001192092896),(15.,-19.125,0.),(15.,-19.125,-0.30000001192092896),(15.,-19.5625,0.),(15.,-19.5625,-0.30000001192092896),(15.,-20.,0.),(15.,-20.,-0.30000001192092896),(15.,-20.875,0.),(15.,-20.875,-0.30000001192092896),(15.,-21.3125,0.),(15.,-21.3125,-0.30000001192092896),(15.,-21.75,0.),(15.,-21.75,-0.30000001192092896),(15.,-22.1875,0.),(15.,-22.1875,-0.30000001192092896),(15.,-22.625,0.),(15.,-22.625,-0.30000001192092896),(15.,-23.0625,0.),(15.,-23.0625,-0.30000001192092896),(14.838709831237793,-16.5,0.),(14.838709831237793,-16.5,-0.30000001192092896),(14.838709831237793,-23.5,0.),(14.838709831237793,-23.5,-0.30000001192092896),(13.54838752746582,-16.5,0.),(13.54838752746582,-16.5,-0.30000001192092896),(13.54838752746582,-23.5,0.),(13.54838752746582,-23.5,-0.30000001192092896),(12.258064270019531,-16.5,0.),(12.258064270019531,-16.5,-0.30000001192092896),(12.258064270019531,-23.5,0.),(12.258064270019531,-23.5,-0.30000001192092896),(10.967741966247559,-16.5,0.),(10.967741966247559,-16.5,-0.30000001192092896),(10.967741966247559,-23.5,0.),(10.967741966247559,-23.5,-0.30000001192092896),(10.,-17.375,0.),(10.,-17.375,-0.30000001192092896),(10.,-18.25,0.),(10.,-18.25,-0.30000001192092896),(10.,-19.125,0.),(10.,-19.125,-0.30000001192092896),(10.,-20.,0.),(10.,-20.,-0.30000001192092896),(10.,-20.875,0.),(10.,-20.875,-0.30000001192092896),(10.,-21.75,0.),(10.,-21.75,-0.30000001192092896),(10.,-22.625,0.),(10.,-22.625,-0.30000001192092896),(9.677419662475586,-16.5,0.),(9.677419662475586,-16.5,-0.30000001192092896),(9.677419662475586,-23.5,0.),(9.677419662475586,-23.5,-0.30000001192092896),(8.387096405029297,-16.5,0.),(8.387096405029297,-16.5,-0.30000001192092896),(8.387096405029297,-23.5,0.),(8.387096405029297,-23.5,-0.30000001192092896),(7.096774101257324,-16.5,0.),(7.096774101257324,-16.5,-0.30000001192092896),(7.096774101257324,-23.5,0.),(7.096774101257324,-23.5,-0.30000001192092896),(5.806451797485352,-16.5,0.),(5.806451797485352,-16.5,-0.30000001192092896),(5.806451797485352,-23.5,0.),(5.806451797485352,-23.5,-0.30000001192092896),(5.,-17.375,0.),(5.,-17.375,-0.30000001192092896),(5.,-18.25,0.),(5.,-18.25,-0.30000001192092896),(5.,-21.75,0.),(5.,-21.75,-0.30000001192092896),(5.,-22.625,0.),(5.,-22.625,-0.30000001192092896),(4.516129016876221,-16.5,0.),(4.516129016876221,-16.5,-0.30000001192092896),(4.516129016876221,-23.5,0.),(4.516129016876221,-23.5,-0.30000001192092896),(3.225806474685669,-16.5,0.),(3.225806474685669,-16.5,-0.30000001192092896),(3.225806474685669,-23.5,0.),(3.225806474685669,-23.5,-0.30000001192092896),(1.9354838132858276,-16.5,0.),(1.9354838132858276,-16.5,-0.30000001192092896),(1.9354838132858276,-23.5,0.),(1.9354838132858276,-23.5,-0.30000001192092896),(0.6451612710952759,-16.5,0.),(0.6451612710952759,-16.5,-0.30000001192092896),(0.6451612710952759,-23.5,0.),(0.6451612710952759,-23.5,-0.30000001192092896),(0.,-17.375,0.),(0.,-17.375,-0.30000001192092896),(0.,-18.25,0.),(0.,-18.25,-0.30000001192092896),(0.,-20.,0.),(0.,-20.,-0.30000001192092896),(0.,-21.75,0.),(0.,-21.75,-0.30000001192092896),(0.,-22.625,0.),(0.,-22.625,-0.30000001192092896),(-0.6451612710952759,-16.5,0.),(-0.6451612710952759,-16.5,-0.30000001192092896),(-0.6451612710952759,-23.5,0.),(-0.6451612710952759,-23.5,-0.30000001192092896),(-1.9354838132858276,-16.5,0.),(-1.9354838132858276,-16.5,-0.30000001192092896),(-1.9354838132858276,-23.5,0.),(-1.9354838132858276,-23.5,-0.30000001192092896),(-3.225806474685669,-16.5,0.),(-3.225806474685669,-16.5,-0.30000001192092896),(-3.225806474685669,-23.5,0.),(-3.225806474685669,-23.5,-0.30000001192092896),(-4.516129016876221,-16.5,0.),(-4.516129016876221,-16.5,-0.30000001192092896),(-4.516129016876221,-23.5,0.),(-4.516129016876221,-23.5,-0.30000001192092896),(-5.,-17.375,0.),(-5.,-17.375,-0.30000001192092896),(-5.,-18.25,0.),(-5.,-18.25,-0.30000001192092896),(-5.,-21.75,0.),(-5.,-21.75,-0.30000001192092896),(-5.,-22.625,0.),(-5.,-22.625,-0.30000001192092896),(-5.806451797485352,-16.5,0.),(-5.806451797485352,-16.5,-0.30000001192092896),(-5.806451797485352,-23.5,0.),(-5.806451797485352,-23.5,-0.30000001192092896),(-7.096774101257324,-16.5,0.),(-7.096774101257324,-16.5,-0.30000001192092896),(-7.096774101257324,-23.5,0.),(-7.096774101257324,-23.5,-0.30000001192092896),(-8.387096405029297,-16.5,0.),(-8.387096405029297,-16.5,-0.30000001192092896),(-8.387096405029297,-23.5,0.),(-8.387096405029297,-23.5,-0.30000001192092896),(-9.677419662475586,-16.5,0.),(-9.677419662475586,-16.5,-0.30000001192092896),(-9.677419662475586,-23.5,0.),(-9.677419662475586,-23.5,-0.30000001192092896),(-10.,-17.375,0.),(-10.,-17.375,-0.30000001192092896),(-10.,-18.25,0.),(-10.,-18.25,-0.30000001192092896),(-10.,-19.125,0.),(-10.,-19.125,-0.30000001192092896),(-10.,-20.,0.),(-10.,-20.,-0.30000001192092896),(-10.,-20.875,0.),(-10.,-20.875,-0.30000001192092896),(-10.,-21.75,0.),(-10.,-21.75,-0.30000001192092896),(-10.,-22.625,0.),(-10.,-22.625,-0.30000001192092896),(-10.967741966247559,-16.5,0.),(-10.967741966247559,-16.5,-0.30000001192092896),(-10.967741966247559,-23.5,0.),(-10.967741966247559,-23.5,-0.30000001192092896),(-12.258064270019531,-16.5,0.),(-12.258064270019531,-16.5,-0.30000001192092896),(-12.258064270019531,-23.5,0.),(-12.258064270019531,-23.5,-0.30000001192092896),(-13.54838752746582,-16.5,0.),(-13.54838752746582,-16.5,-0.30000001192092896),(-13.54838752746582,-23.5,0.),(-13.54838752746582,-23.5,-0.30000001192092896),(-14.838709831237793,-16.5,0.),(-14.838709831237793,-16.5,-0.30000001192092896),(-14.838709831237793,-23.5,0.),(-14.838709831237793,-23.5,-0.30000001192092896),(-15.,-16.9375,0.),(-15.,-16.9375,-0.30000001192092896),(-15.,-17.375,0.),(-15.,-17.375,-0.30000001192092896),(-15.,-17.8125,0.),(-15.,-17.8125,-0.30000001192092896),(-15.,-18.25,0.),(-15.,-18.25,-0.30000001192092896),(-15.,-18.6875,0.),(-15.,-18.6875,-0.30000001192092896),(-15.,-19.125,0.),(-15.,-19.125,-0.30000001192092896),(-15.,-19.5625,0.),(-15.,-19.5625,-0.30000001192092896),(-15.,-20.,0.),(-15.,-20.,-0.30000001192092896),(-15.,-20.875,0.),(-15.,-20.875,-0.30000001192092896),(-15.,-21.3125,0.),(-15.,-21.3125,-0.30000001192092896),(-15.,-21.75,0.),(-15.,-21.75,-0.30000001192092896),(-15.,-22.1875,0.),(-15.,-22.1875,-0.30000001192092896),(-15.,-22.625,0.),(-15.,-22.625,-0.30000001192092896),(-15.,-23.0625,0.),(-15.,-23.0625,-0.30000001192092896),(-16.129032135009766,-16.5,0.),(-16.129032135009766,-16.5,-0.30000001192092896),(-16.129032135009766,-23.5,0.),(-16.129032135009766,-23.5,-0.30000001192092896),(-17.419355392456055,-16.5,0.),(-17.419355392456055,-16.5,-0.30000001192092896),(-17.419355392456055,-23.5,0.),(-17.419355392456055,-23.5,-0.30000001192092896),(-17.5,-16.9375,0.),(-17.5,-16.9375,-0.30000001192092896),(-17.5,-17.375,0.),(-17.5,-17.375,-0.30000001192092896),(-17.5,-17.8125,0.),(-17.5,-17.8125,-0.30000001192092896),(-17.5,-18.25,0.),(-17.5,-18.25,-0.30000001192092896),(-17.5,-18.6875,0.),(-17.5,-18.6875,-0.30000001192092896),(-17.5,-19.125,0.),(-17.5,-19.125,-0.30000001192092896),(-17.5,-19.5625,0.),(-17.5,-19.5625,-0.30000001192092896),(-17.5,-20.,0.),(-17.5,-20.,-0.30000001192092896),(-17.5,-20.875,0.),(-17.5,-20.875,-0.30000001192092896),(-17.5,-21.3125,0.),(-17.5,-21.3125,-0.30000001192092896),(-17.5,-21.75,0.),(-17.5,-21.75,-0.30000001192092896),(-17.5,-22.1875,0.),(-17.5,-22.1875,-0.30000001192092896),(-17.5,-22.625,0.),(-17.5,-22.625,-0.30000001192092896),(-17.5,-23.0625,0.),(-17.5,-23.0625,-0.30000001192092896),(-18.70967674255371,-16.5,0.),(-18.70967674255371,-16.5,-0.30000001192092896),(-18.70967674255371,-23.5,0.),(-18.70967674255371,-23.5,-0.30000001192092896),(-20.,-16.5,0.),(-20.,-16.5,-0.30000001192092896),(-20.,-17.66666603088379,0.),(-20.,-17.66666603088379,-0.30000001192092896),(-20.,-18.83333396911621,0.),(-20.,-18.83333396911621,-0.30000001192092896),(-20.,-20.,0.),(-20.,-20.,-0.30000001192092896),(-20.,-21.16666603088379,0.),(-20.,-21.16666603088379,-0.30000001192092896),(-20.,-22.33333396911621,0.),(-20.,-22.33333396911621,-0.30000001192092896),(-20.,-23.5,0.),(-20.,-23.5,-0.30000001192092896)),$);
#27=IFCPOLYGONALFACESET(#26,.T.,(#28,#29,#30,#31,#32,#33,#34,#35,#36,#37,#38,#39,#40,#41,#42,#43,#44,#45,#46,#47,#48,#49,#50,#51,#52,#53,#54,#55,#56,#57,#58,#59,#60,#61,#62,#63,#64,#65,#66,#67,#68,#69,#70,#71,#72,#73,#74,#75,#76,#77,#78,#79,#80,#81,#82,#83,#84,#85,#86,#87,#88,#89,#90,#91,#92,#93,#94,#95,#96,#97,#98,#99,#100,#101,#102,#103,#104,#105,#106,#107,#108,#109,#110,#111,#112,#113,#114,#115,#116,#117,#118,#119,#120,#121,#122,#123,#124,#125,#126,#127,#128,#129,#130,#131,#132,#133,#134,#135,#136,#137,#138,#139,#140,#141,#142,#143,#144,#145,#146,#147,#148,#149,#150,#151,#152,#153,#154,#155,#156,#157,#158,#159,#160,#161,#162,#163,#164,#165,#166,#167,#168,#169,#170,#171,#172,#173,#174,#175,#176,#177,#178,#179,#180,#181,#182,#183,#184,#185,#186,#187,#188,#189,#190,#191,#192,#193,#194,#195,#196,#197,#198,#199,#200,#201,#202,#203,#204,#205,#206,#207,#208,#209,#210,#211,#212,#213,#214,#215,#216,#217,#218,#219,#220,#221,#222,#223,#224,#225,#226,#227,#228,#229,#230,#231,#232,#233,#234,#235,#236,#237,#238,#239,#240,#241,#242,#243,#244,#245,#246,#247,#248,#249,#250,#251,#252,#253,#254,#255,#256,#257,#258,#259,#260,#261,#262,#263,#264,#265,#266,#267,#268,#269,#270,#271,#272,#273,#274,#275,#276,#277,#278,#279,#280,#281,#282,#283,#284,#285,#286,#287,#288,#289,#290,#291,#292,#293,#294,#295,#296,#297,#298,#299,#300,#301,#302,#303,#304,#305,#306,#307,#308,#309,#310,#311,#312,#313,#314,#315,#316,#317,#318,#319,#320,#321,#322,#323,#324,#325,#326,#327,#328,#329,#330,#331,#332,#333,#334,#335,#336,#337,#338,#339,#340,#341,#342,#343,#344,#345,#346,#347,#348,#349,#350,#351,#352,#353,#354,#355,#356,#357,#358,#359,#360,#361,#362,#363,#364,#365,#366,#367,#368,#369,#370,#371,#372,#373,#374,#375,#376,#377,#378,#379,#380,#381,#382,#383,#384,#385,#386,#387,#388,#389,#390,#391,#392,#393,#394,#395,#396,#397,#398,#399,#400,#401,#402,#403,#404,#405,#406,#407,#408,#409,#410,#411,#412,#413,#414,#415,#416,#417,#418,#419,#420,#421,#422,#423,#424,#425,#426,#427,#428,#429,#430,#431,#432,#433,#434,#435,#436,#437,#438,#439,#440,#441,#442,#443,#444,#445,#446,#447,#448,#449,#450,#451,#452,#453,#454,#455,#456,#457,#458,#459,#460,#461,#462,#463,#464,#465,#466,#467,#468,#469,#470,#471),$);
#28=IFCINDEXEDPOLYGONALFACE((16,15,1,2));
#29=IFCINDEXEDPOLYGONALFACE((52,51,47,48));
#30=IFCINDEXEDPOLYGONALFACE((48,47,15,16));
#31=IFCINDEXEDPOLYGONALFACE((84,88,87,83));
#32=IFCINDEXEDPOLYGONALFACE((96,95,91,92));
#33=IFCINDEXEDPOLYGONALFACE((88,92,91,87));
#34=IFCINDEXEDPOLYGONALFACE((84,83,51,52));
#35=IFCINDEXEDPOLYGONALFACE((118,117,113,114));
#36=IFCINDEXEDPOLYGONALFACE((126,125,121,122));
#37=IFCINDEXEDPOLYGONALFACE((122,121,117,118));
#38=IFCINDEXEDPOLYGONALFACE((138,142,141,137));
#39=IFCINDEXEDPOLYGONALFACE((150,149,145,146));
#40=IFCINDEXEDPOLYGONALFACE((146,145,141,142));
#41=IFCINDEXEDPOLYGONALFACE((126,138,137,125));
#42=IFCINDEXEDPOLYGONALFACE((114,113,95,96));
#43=IFCINDEXEDPOLYGONALFACE((149,150,164,163));
#44=IFCINDEXEDPOLYGONALFACE((168,167,163,164));
#45=IFCINDEXEDPOLYGONALFACE((172,176,175,171));
#46=IFCINDEXEDPOLYGONALFACE((172,171,167,168));
#47=IFCINDEXEDPOLYGONALFACE((192,191,187,188));
#48=IFCINDEXEDPOLYGONALFACE((200,199,195,196));
#49=IFCINDEXEDPOLYGONALFACE((196,195,191,192));
#50=IFCINDEXEDPOLYGONALFACE((176,188,187,175));
#51=IFCINDEXEDPOLYGONALFACE((218,222,221,217));
#52=IFCINDEXEDPOLYGONALFACE((226,230,229,225));
#53=IFCINDEXEDPOLYGONALFACE((222,226,225,221));
#54=IFCINDEXEDPOLYGONALFACE((262,266,265,261));
#55=IFCINDEXEDPOLYGONALFACE((302,301,297,298));
#56=IFCINDEXEDPOLYGONALFACE((266,298,297,265));
#57=IFCINDEXEDPOLYGONALFACE((230,262,261,229));
#58=IFCINDEXEDPOLYGONALFACE((200,218,217,199));
#59=IFCINDEXEDPOLYGONALFACE((304,303,301,302));
#60=IFCINDEXEDPOLYGONALFACE((304,306,305,303));
#61=IFCINDEXEDPOLYGONALFACE((307,305,306,308));
#62=IFCINDEXEDPOLYGONALFACE((310,312,311,309));
#63=IFCINDEXEDPOLYGONALFACE((312,314,313,311));
#64=IFCINDEXEDPOLYGONALFACE((310,309,307,308));
#65=IFCINDEXEDPOLYGONALFACE((300,299,313,314));
#66=IFCINDEXEDPOLYGONALFACE((268,264,263,267));
#67=IFCINDEXEDPOLYGONALFACE((268,267,299,300));
#68=IFCINDEXEDPOLYGONALFACE((232,228,227,231));
#69=IFCINDEXEDPOLYGONALFACE((220,219,223,224));
#70=IFCINDEXEDPOLYGONALFACE((228,224,223,227));
#71=IFCINDEXEDPOLYGONALFACE((264,232,231,263));
#72=IFCINDEXEDPOLYGONALFACE((202,198,197,201));
#73=IFCINDEXEDPOLYGONALFACE((194,190,189,193));
#74=IFCINDEXEDPOLYGONALFACE((198,194,193,197));
#75=IFCINDEXEDPOLYGONALFACE((174,173,177,178));
#76=IFCINDEXEDPOLYGONALFACE((166,165,169,170));
#77=IFCINDEXEDPOLYGONALFACE((170,169,173,174));
#78=IFCINDEXEDPOLYGONALFACE((178,177,189,190));
#79=IFCINDEXEDPOLYGONALFACE((220,202,201,219));
#80=IFCINDEXEDPOLYGONALFACE((165,166,152,151));
#81=IFCINDEXEDPOLYGONALFACE((148,147,151,152));
#82=IFCINDEXEDPOLYGONALFACE((140,139,143,144));
#83=IFCINDEXEDPOLYGONALFACE((144,143,147,148));
#84=IFCINDEXEDPOLYGONALFACE((124,123,127,128));
#85=IFCINDEXEDPOLYGONALFACE((116,115,119,120));
#86=IFCINDEXEDPOLYGONALFACE((120,119,123,124));
#87=IFCINDEXEDPOLYGONALFACE((128,127,139,140));
#88=IFCINDEXEDPOLYGONALFACE((94,93,97,98));
#89=IFCINDEXEDPOLYGONALFACE((86,85,89,90));
#90=IFCINDEXEDPOLYGONALFACE((90,89,93,94));
#91=IFCINDEXEDPOLYGONALFACE((50,49,53,54));
#92=IFCINDEXEDPOLYGONALFACE((14,13,17,18));
#93=IFCINDEXEDPOLYGONALFACE((18,17,49,50));
#94=IFCINDEXEDPOLYGONALFACE((54,53,85,86));
#95=IFCINDEXEDPOLYGONALFACE((98,97,115,116));
#96=IFCINDEXEDPOLYGONALFACE((12,11,13,14));
#97=IFCINDEXEDPOLYGONALFACE((10,9,11,12));
#98=IFCINDEXEDPOLYGONALFACE((8,7,9,10));
#99=IFCINDEXEDPOLYGONALFACE((4,3,5,6));
#100=IFCINDEXEDPOLYGONALFACE((2,1,3,4));
#101=IFCINDEXEDPOLYGONALFACE((6,5,7,8));
#102=IFCINDEXEDPOLYGONALFACE((20,22,58,56));
#103=IFCINDEXEDPOLYGONALFACE((60,100,58));
#104=IFCINDEXEDPOLYGONALFACE((102,60,62));
#105=IFCINDEXEDPOLYGONALFACE((100,60,102));
#106=IFCINDEXEDPOLYGONALFACE((22,24,60,58));
#107=IFCINDEXEDPOLYGONALFACE((24,26,62,60));
#108=IFCINDEXEDPOLYGONALFACE((130,132,156,154));
#109=IFCINDEXEDPOLYGONALFACE((100,102,132,130));
#110=IFCINDEXEDPOLYGONALFACE((104,132,102));
#111=IFCINDEXEDPOLYGONALFACE((132,158,156));
#112=IFCINDEXEDPOLYGONALFACE((158,104,106));
#113=IFCINDEXEDPOLYGONALFACE((104,158,132));
#114=IFCINDEXEDPOLYGONALFACE((26,28,64,62));
#115=IFCINDEXEDPOLYGONALFACE((28,30,66,64));
#116=IFCINDEXEDPOLYGONALFACE((64,102,62));
#117=IFCINDEXEDPOLYGONALFACE((104,64,66));
#118=IFCINDEXEDPOLYGONALFACE((102,64,104));
#119=IFCINDEXEDPOLYGONALFACE((68,104,66));
#120=IFCINDEXEDPOLYGONALFACE((106,68,70));
#121=IFCINDEXEDPOLYGONALFACE((104,68,106));
#122=IFCINDEXEDPOLYGONALFACE((30,32,68,66));
#123=IFCINDEXEDPOLYGONALFACE((32,34,70,68));
#124=IFCINDEXEDPOLYGONALFACE((180,182,206,204));
#125=IFCINDEXEDPOLYGONALFACE((154,156,182,180));
#126=IFCINDEXEDPOLYGONALFACE((234,236,272,270));
#127=IFCINDEXEDPOLYGONALFACE((236,238,274,272));
#128=IFCINDEXEDPOLYGONALFACE((238,240,276,274));
#129=IFCINDEXEDPOLYGONALFACE((238,206,240));
#130=IFCINDEXEDPOLYGONALFACE((204,238,236));
#131=IFCINDEXEDPOLYGONALFACE((206,238,204));
#132=IFCINDEXEDPOLYGONALFACE((242,208,244));
#133=IFCINDEXEDPOLYGONALFACE((206,242,240));
#134=IFCINDEXEDPOLYGONALFACE((208,242,206));
#135=IFCINDEXEDPOLYGONALFACE((240,242,278,276));
#136=IFCINDEXEDPOLYGONALFACE((242,244,280,278));
#137=IFCINDEXEDPOLYGONALFACE((244,246,282,280));
#138=IFCINDEXEDPOLYGONALFACE((246,248,284,282));
#139=IFCINDEXEDPOLYGONALFACE((246,210,248));
#140=IFCINDEXEDPOLYGONALFACE((208,246,244));
#141=IFCINDEXEDPOLYGONALFACE((210,246,208));
#142=IFCINDEXEDPOLYGONALFACE((182,208,206));
#143=IFCINDEXEDPOLYGONALFACE((208,158,210));
#144=IFCINDEXEDPOLYGONALFACE((158,182,156));
#145=IFCINDEXEDPOLYGONALFACE((182,158,208));
#146=IFCINDEXEDPOLYGONALFACE((212,184,214));
#147=IFCINDEXEDPOLYGONALFACE((184,158,160));
#148=IFCINDEXEDPOLYGONALFACE((158,212,210));
#149=IFCINDEXEDPOLYGONALFACE((212,158,184));
#150=IFCINDEXEDPOLYGONALFACE((210,212,250,248));
#151=IFCINDEXEDPOLYGONALFACE((250,252,288,286));
#152=IFCINDEXEDPOLYGONALFACE((252,254,290,288));
#153=IFCINDEXEDPOLYGONALFACE((252,214,254));
#154=IFCINDEXEDPOLYGONALFACE((212,252,250));
#155=IFCINDEXEDPOLYGONALFACE((214,252,212));
#156=IFCINDEXEDPOLYGONALFACE((256,216,258));
#157=IFCINDEXEDPOLYGONALFACE((214,256,254));
#158=IFCINDEXEDPOLYGONALFACE((216,256,214));
#159=IFCINDEXEDPOLYGONALFACE((254,256,292,290));
#160=IFCINDEXEDPOLYGONALFACE((256,258,294,292));
#161=IFCINDEXEDPOLYGONALFACE((258,260,296,294));
#162=IFCINDEXEDPOLYGONALFACE((160,162,186,184));
#163=IFCINDEXEDPOLYGONALFACE((184,186,216,214));
#164=IFCINDEXEDPOLYGONALFACE((70,72,108,106));
#165=IFCINDEXEDPOLYGONALFACE((74,108,72));
#166=IFCINDEXEDPOLYGONALFACE((110,74,76));
#167=IFCINDEXEDPOLYGONALFACE((108,74,110));
#168=IFCINDEXEDPOLYGONALFACE((36,38,74,72));
#169=IFCINDEXEDPOLYGONALFACE((38,40,76,74));
#170=IFCINDEXEDPOLYGONALFACE((134,108,110));
#171=IFCINDEXEDPOLYGONALFACE((108,158,106));
#172=IFCINDEXEDPOLYGONALFACE((158,134,160));
#173=IFCINDEXEDPOLYGONALFACE((134,158,108));
#174=IFCINDEXEDPOLYGONALFACE((110,112,136,134));
#175=IFCINDEXEDPOLYGONALFACE((134,136,162,160));
#176=IFCINDEXEDPOLYGONALFACE((40,42,78,76));
#177=IFCINDEXEDPOLYGONALFACE((42,44,80,78));
#178=IFCINDEXEDPOLYGONALFACE((78,110,76));
#179=IFCINDEXEDPOLYGONALFACE((112,78,80));
#180=IFCINDEXEDPOLYGONALFACE((110,78,112));
#181=IFCINDEXEDPOLYGONALFACE((44,46,82,80));
#182=IFCINDEXEDPOLYGONALFACE((296,300,314));
#183=IFCINDEXEDPOLYGONALFACE((268,300,296));
#184=IFCINDEXEDPOLYGONALFACE((312,294,296,314));
#185=IFCINDEXEDPOLYGONALFACE((260,264,268,296));
#186=IFCINDEXEDPOLYGONALFACE((260,232,264));
#187=IFCINDEXEDPOLYGONALFACE((310,288,290,312));
#188=IFCINDEXEDPOLYGONALFACE((292,294,312));
#189=IFCINDEXEDPOLYGONALFACE((308,284,286,310));
#190=IFCINDEXEDPOLYGONALFACE((292,312,290));
#191=IFCINDEXEDPOLYGONALFACE((310,286,288));
#192=IFCINDEXEDPOLYGONALFACE((258,216,260));
#193=IFCINDEXEDPOLYGONALFACE((228,260,224));
#194=IFCINDEXEDPOLYGONALFACE((216,220,224));
#195=IFCINDEXEDPOLYGONALFACE((260,216,224));
#196=IFCINDEXEDPOLYGONALFACE((216,198,202));
#197=IFCINDEXEDPOLYGONALFACE((186,190,194));
#198=IFCINDEXEDPOLYGONALFACE((216,194,198));
#199=IFCINDEXEDPOLYGONALFACE((216,202,220));
#200=IFCINDEXEDPOLYGONALFACE((216,186,194));
#201=IFCINDEXEDPOLYGONALFACE((178,190,186));
#202=IFCINDEXEDPOLYGONALFACE((186,174,178));
#203=IFCINDEXEDPOLYGONALFACE((162,170,174,186));
#204=IFCINDEXEDPOLYGONALFACE((170,162,166));
#205=IFCINDEXEDPOLYGONALFACE((152,166,162));
#206=IFCINDEXEDPOLYGONALFACE((250,286,284,248));
#207=IFCINDEXEDPOLYGONALFACE((228,232,260));
#208=IFCINDEXEDPOLYGONALFACE((306,280,282,308));
#209=IFCINDEXEDPOLYGONALFACE((284,308,282));
#210=IFCINDEXEDPOLYGONALFACE((306,276,278));
#211=IFCINDEXEDPOLYGONALFACE((306,278,280));
#212=IFCINDEXEDPOLYGONALFACE((304,274,276,306));
#213=IFCINDEXEDPOLYGONALFACE((302,270,272,304));
#214=IFCINDEXEDPOLYGONALFACE((302,298,270));
#215=IFCINDEXEDPOLYGONALFACE((272,274,304));
#216=IFCINDEXEDPOLYGONALFACE((270,266,262,234));
#217=IFCINDEXEDPOLYGONALFACE((298,266,270));
#218=IFCINDEXEDPOLYGONALFACE((222,234,226));
#219=IFCINDEXEDPOLYGONALFACE((234,230,226));
#220=IFCINDEXEDPOLYGONALFACE((204,236,234));
#221=IFCINDEXEDPOLYGONALFACE((262,230,234));
#222=IFCINDEXEDPOLYGONALFACE((200,204,218));
#223=IFCINDEXEDPOLYGONALFACE((204,222,218));
#224=IFCINDEXEDPOLYGONALFACE((204,196,192,180));
#225=IFCINDEXEDPOLYGONALFACE((234,222,204));
#226=IFCINDEXEDPOLYGONALFACE((204,200,196));
#227=IFCINDEXEDPOLYGONALFACE((180,192,188));
#228=IFCINDEXEDPOLYGONALFACE((180,176,172));
#229=IFCINDEXEDPOLYGONALFACE((168,164,154));
#230=IFCINDEXEDPOLYGONALFACE((168,180,172));
#231=IFCINDEXEDPOLYGONALFACE((176,180,188));
#232=IFCINDEXEDPOLYGONALFACE((154,180,168));
#233=IFCINDEXEDPOLYGONALFACE((136,144,148,162));
#234=IFCINDEXEDPOLYGONALFACE((136,128,140));
#235=IFCINDEXEDPOLYGONALFACE((112,120,124));
#236=IFCINDEXEDPOLYGONALFACE((136,124,128));
#237=IFCINDEXEDPOLYGONALFACE((136,140,144));
#238=IFCINDEXEDPOLYGONALFACE((112,98,116));
#239=IFCINDEXEDPOLYGONALFACE((112,124,136));
#240=IFCINDEXEDPOLYGONALFACE((112,94,98));
#241=IFCINDEXEDPOLYGONALFACE((116,120,112));
#242=IFCINDEXEDPOLYGONALFACE((82,90,94));
#243=IFCINDEXEDPOLYGONALFACE((90,82,86));
#244=IFCINDEXEDPOLYGONALFACE((54,86,82));
#245=IFCINDEXEDPOLYGONALFACE((112,82,94));
#246=IFCINDEXEDPOLYGONALFACE((80,82,112));
#247=IFCINDEXEDPOLYGONALFACE((46,50,54));
#248=IFCINDEXEDPOLYGONALFACE((46,18,50));
#249=IFCINDEXEDPOLYGONALFACE((54,82,46));
#250=IFCINDEXEDPOLYGONALFACE((14,46,44,12));
#251=IFCINDEXEDPOLYGONALFACE((18,46,14));
#252=IFCINDEXEDPOLYGONALFACE((12,44,42));
#253=IFCINDEXEDPOLYGONALFACE((40,12,42));
#254=IFCINDEXEDPOLYGONALFACE((70,34,36,72));
#255=IFCINDEXEDPOLYGONALFACE((36,10,38));
#256=IFCINDEXEDPOLYGONALFACE((40,38,10));
#257=IFCINDEXEDPOLYGONALFACE((34,8,10,36));
#258=IFCINDEXEDPOLYGONALFACE((40,10,12));
#259=IFCINDEXEDPOLYGONALFACE((150,146,154));
#260=IFCINDEXEDPOLYGONALFACE((154,146,142,130));
#261=IFCINDEXEDPOLYGONALFACE((164,150,154));
#262=IFCINDEXEDPOLYGONALFACE((126,130,138));
#263=IFCINDEXEDPOLYGONALFACE((130,142,138));
#264=IFCINDEXEDPOLYGONALFACE((130,122,118,100));
#265=IFCINDEXEDPOLYGONALFACE((130,126,122));
#266=IFCINDEXEDPOLYGONALFACE((100,118,114));
#267=IFCINDEXEDPOLYGONALFACE((100,96,92));
#268=IFCINDEXEDPOLYGONALFACE((88,84,56));
#269=IFCINDEXEDPOLYGONALFACE((56,92,88));
#270=IFCINDEXEDPOLYGONALFACE((96,100,114));
#271=IFCINDEXEDPOLYGONALFACE((100,92,56));
#272=IFCINDEXEDPOLYGONALFACE((6,32,30));
#273=IFCINDEXEDPOLYGONALFACE((6,28,26));
#274=IFCINDEXEDPOLYGONALFACE((28,6,30));
#275=IFCINDEXEDPOLYGONALFACE((6,26,24,4));
#276=IFCINDEXEDPOLYGONALFACE((22,4,24));
#277=IFCINDEXEDPOLYGONALFACE((8,32,6));
#278=IFCINDEXEDPOLYGONALFACE((100,56,58));
#279=IFCINDEXEDPOLYGONALFACE((56,52,48,20));
#280=IFCINDEXEDPOLYGONALFACE((84,52,56));
#281=IFCINDEXEDPOLYGONALFACE((20,4,22));
#282=IFCINDEXEDPOLYGONALFACE((20,16,2));
#283=IFCINDEXEDPOLYGONALFACE((20,2,4));
#284=IFCINDEXEDPOLYGONALFACE((48,16,20));
#285=IFCINDEXEDPOLYGONALFACE((32,8,34));
#286=IFCINDEXEDPOLYGONALFACE((148,152,162));
#287=IFCINDEXEDPOLYGONALFACE((19,55,57,21));
#288=IFCINDEXEDPOLYGONALFACE((59,57,99));
#289=IFCINDEXEDPOLYGONALFACE((101,61,59));
#290=IFCINDEXEDPOLYGONALFACE((99,101,59));
#291=IFCINDEXEDPOLYGONALFACE((21,57,59,23));
#292=IFCINDEXEDPOLYGONALFACE((23,59,61,25));
#293=IFCINDEXEDPOLYGONALFACE((129,153,155,131));
#294=IFCINDEXEDPOLYGONALFACE((99,129,131,101));
#295=IFCINDEXEDPOLYGONALFACE((103,101,131));
#296=IFCINDEXEDPOLYGONALFACE((131,155,157));
#297=IFCINDEXEDPOLYGONALFACE((157,105,103));
#298=IFCINDEXEDPOLYGONALFACE((103,131,157));
#299=IFCINDEXEDPOLYGONALFACE((25,61,63,27));
#300=IFCINDEXEDPOLYGONALFACE((27,63,65,29));
#301=IFCINDEXEDPOLYGONALFACE((63,61,101));
#302=IFCINDEXEDPOLYGONALFACE((103,65,63));
#303=IFCINDEXEDPOLYGONALFACE((101,103,63));
#304=IFCINDEXEDPOLYGONALFACE((67,65,103));
#305=IFCINDEXEDPOLYGONALFACE((105,69,67));
#306=IFCINDEXEDPOLYGONALFACE((103,105,67));
#307=IFCINDEXEDPOLYGONALFACE((29,65,67,31));
#308=IFCINDEXEDPOLYGONALFACE((31,67,69,33));
#309=IFCINDEXEDPOLYGONALFACE((179,203,205,181));
#310=IFCINDEXEDPOLYGONALFACE((153,179,181,155));
#311=IFCINDEXEDPOLYGONALFACE((233,269,271,235));
#312=IFCINDEXEDPOLYGONALFACE((235,271,273,237));
#313=IFCINDEXEDPOLYGONALFACE((237,273,275,239));
#314=IFCINDEXEDPOLYGONALFACE((237,239,205));
#315=IFCINDEXEDPOLYGONALFACE((203,235,237));
#316=IFCINDEXEDPOLYGONALFACE((205,203,237));
#317=IFCINDEXEDPOLYGONALFACE((241,243,207));
#318=IFCINDEXEDPOLYGONALFACE((205,239,241));
#319=IFCINDEXEDPOLYGONALFACE((207,205,241));
#320=IFCINDEXEDPOLYGONALFACE((239,275,277,241));
#321=IFCINDEXEDPOLYGONALFACE((241,277,279,243));
#322=IFCINDEXEDPOLYGONALFACE((243,279,281,245));
#323=IFCINDEXEDPOLYGONALFACE((245,281,283,247));
#324=IFCINDEXEDPOLYGONALFACE((245,247,209));
#325=IFCINDEXEDPOLYGONALFACE((207,243,245));
#326=IFCINDEXEDPOLYGONALFACE((209,207,245));
#327=IFCINDEXEDPOLYGONALFACE((181,205,207));
#328=IFCINDEXEDPOLYGONALFACE((207,209,157));
#329=IFCINDEXEDPOLYGONALFACE((157,155,181));
#330=IFCINDEXEDPOLYGONALFACE((181,207,157));
#331=IFCINDEXEDPOLYGONALFACE((211,213,183));
#332=IFCINDEXEDPOLYGONALFACE((183,159,157));
#333=IFCINDEXEDPOLYGONALFACE((157,209,211));
#334=IFCINDEXEDPOLYGONALFACE((211,183,157));
#335=IFCINDEXEDPOLYGONALFACE((209,247,249,211));
#336=IFCINDEXEDPOLYGONALFACE((249,285,287,251));
#337=IFCINDEXEDPOLYGONALFACE((251,287,289,253));
#338=IFCINDEXEDPOLYGONALFACE((251,253,213));
#339=IFCINDEXEDPOLYGONALFACE((211,249,251));
#340=IFCINDEXEDPOLYGONALFACE((213,211,251));
#341=IFCINDEXEDPOLYGONALFACE((255,257,215));
#342=IFCINDEXEDPOLYGONALFACE((213,253,255));
#343=IFCINDEXEDPOLYGONALFACE((215,213,255));
#344=IFCINDEXEDPOLYGONALFACE((253,289,291,255));
#345=IFCINDEXEDPOLYGONALFACE((255,291,293,257));
#346=IFCINDEXEDPOLYGONALFACE((257,293,295,259));
#347=IFCINDEXEDPOLYGONALFACE((159,183,185,161));
#348=IFCINDEXEDPOLYGONALFACE((183,213,215,185));
#349=IFCINDEXEDPOLYGONALFACE((69,105,107,71));
#350=IFCINDEXEDPOLYGONALFACE((73,71,107));
#351=IFCINDEXEDPOLYGONALFACE((109,75,73));
#352=IFCINDEXEDPOLYGONALFACE((107,109,73));
#353=IFCINDEXEDPOLYGONALFACE((35,71,73,37));
#354=IFCINDEXEDPOLYGONALFACE((37,73,75,39));
#355=IFCINDEXEDPOLYGONALFACE((133,109,107));
#356=IFCINDEXEDPOLYGONALFACE((107,105,157));
#357=IFCINDEXEDPOLYGONALFACE((157,159,133));
#358=IFCINDEXEDPOLYGONALFACE((133,107,157));
#359=IFCINDEXEDPOLYGONALFACE((109,133,135,111));
#360=IFCINDEXEDPOLYGONALFACE((133,159,161,135));
#361=IFCINDEXEDPOLYGONALFACE((39,75,77,41));
#362=IFCINDEXEDPOLYGONALFACE((41,77,79,43));
#363=IFCINDEXEDPOLYGONALFACE((77,75,109));
#364=IFCINDEXEDPOLYGONALFACE((111,79,77));
#365=IFCINDEXEDPOLYGONALFACE((109,111,77));
#366=IFCINDEXEDPOLYGONALFACE((43,79,81,45));
#367=IFCINDEXEDPOLYGONALFACE((295,313,299));
#368=IFCINDEXEDPOLYGONALFACE((267,295,299));
#369=IFCINDEXEDPOLYGONALFACE((311,313,295,293));
#370=IFCINDEXEDPOLYGONALFACE((259,295,267,263));
#371=IFCINDEXEDPOLYGONALFACE((259,263,231));
#372=IFCINDEXEDPOLYGONALFACE((309,311,289,287));
#373=IFCINDEXEDPOLYGONALFACE((291,311,293));
#374=IFCINDEXEDPOLYGONALFACE((307,309,285,283));
#375=IFCINDEXEDPOLYGONALFACE((291,289,311));
#376=IFCINDEXEDPOLYGONALFACE((309,287,285));
#377=IFCINDEXEDPOLYGONALFACE((257,259,215));
#378=IFCINDEXEDPOLYGONALFACE((227,223,259));
#379=IFCINDEXEDPOLYGONALFACE((215,223,219));
#380=IFCINDEXEDPOLYGONALFACE((259,223,215));
#381=IFCINDEXEDPOLYGONALFACE((215,201,197));
#382=IFCINDEXEDPOLYGONALFACE((185,193,189));
#383=IFCINDEXEDPOLYGONALFACE((215,197,193));
#384=IFCINDEXEDPOLYGONALFACE((215,219,201));
#385=IFCINDEXEDPOLYGONALFACE((215,193,185));
#386=IFCINDEXEDPOLYGONALFACE((177,185,189));
#387=IFCINDEXEDPOLYGONALFACE((185,177,173));
#388=IFCINDEXEDPOLYGONALFACE((161,185,173,169));
#389=IFCINDEXEDPOLYGONALFACE((169,165,161));
#390=IFCINDEXEDPOLYGONALFACE((151,161,165));
#391=IFCINDEXEDPOLYGONALFACE((249,247,283,285));
#392=IFCINDEXEDPOLYGONALFACE((227,259,231));
#393=IFCINDEXEDPOLYGONALFACE((305,307,281,279));
#394=IFCINDEXEDPOLYGONALFACE((283,281,307));
#395=IFCINDEXEDPOLYGONALFACE((305,277,275));
#396=IFCINDEXEDPOLYGONALFACE((305,279,277));
#397=IFCINDEXEDPOLYGONALFACE((303,305,275,273));
#398=IFCINDEXEDPOLYGONALFACE((301,303,271,269));
#399=IFCINDEXEDPOLYGONALFACE((301,269,297));
#400=IFCINDEXEDPOLYGONALFACE((271,303,273));
#401=IFCINDEXEDPOLYGONALFACE((269,233,261,265));
#402=IFCINDEXEDPOLYGONALFACE((297,269,265));
#403=IFCINDEXEDPOLYGONALFACE((221,225,233));
#404=IFCINDEXEDPOLYGONALFACE((233,225,229));
#405=IFCINDEXEDPOLYGONALFACE((203,233,235));
#406=IFCINDEXEDPOLYGONALFACE((261,233,229));
#407=IFCINDEXEDPOLYGONALFACE((199,217,203));
#408=IFCINDEXEDPOLYGONALFACE((203,217,221));
#409=IFCINDEXEDPOLYGONALFACE((203,179,191,195));
#410=IFCINDEXEDPOLYGONALFACE((233,203,221));
#411=IFCINDEXEDPOLYGONALFACE((203,195,199));
#412=IFCINDEXEDPOLYGONALFACE((179,187,191));
#413=IFCINDEXEDPOLYGONALFACE((179,171,175));
#414=IFCINDEXEDPOLYGONALFACE((167,153,163));
#415=IFCINDEXEDPOLYGONALFACE((167,171,179));
#416=IFCINDEXEDPOLYGONALFACE((175,187,179));
#417=IFCINDEXEDPOLYGONALFACE((153,167,179));
#418=IFCINDEXEDPOLYGONALFACE((135,161,147,143));
#419=IFCINDEXEDPOLYGONALFACE((135,139,127));
#420=IFCINDEXEDPOLYGONALFACE((111,123,119));
#421=IFCINDEXEDPOLYGONALFACE((135,127,123));
#422=IFCINDEXEDPOLYGONALFACE((135,143,139));
#423=IFCINDEXEDPOLYGONALFACE((111,115,97));
#424=IFCINDEXEDPOLYGONALFACE((111,135,123));
#425=IFCINDEXEDPOLYGONALFACE((111,97,93));
#426=IFCINDEXEDPOLYGONALFACE((115,111,119));
#427=IFCINDEXEDPOLYGONALFACE((81,93,89));
#428=IFCINDEXEDPOLYGONALFACE((89,85,81));
#429=IFCINDEXEDPOLYGONALFACE((53,81,85));
#430=IFCINDEXEDPOLYGONALFACE((111,93,81));
#431=IFCINDEXEDPOLYGONALFACE((79,111,81));
#432=IFCINDEXEDPOLYGONALFACE((45,53,49));
#433=IFCINDEXEDPOLYGONALFACE((45,49,17));
#434=IFCINDEXEDPOLYGONALFACE((53,45,81));
#435=IFCINDEXEDPOLYGONALFACE((13,11,43,45));
#436=IFCINDEXEDPOLYGONALFACE((17,13,45));
#437=IFCINDEXEDPOLYGONALFACE((11,41,43));
#438=IFCINDEXEDPOLYGONALFACE((39,41,11));
#439=IFCINDEXEDPOLYGONALFACE((69,71,35,33));
#440=IFCINDEXEDPOLYGONALFACE((35,37,9));
#441=IFCINDEXEDPOLYGONALFACE((39,9,37));
#442=IFCINDEXEDPOLYGONALFACE((33,35,9,7));
#443=IFCINDEXEDPOLYGONALFACE((39,11,9));
#444=IFCINDEXEDPOLYGONALFACE((149,153,145));
#445=IFCINDEXEDPOLYGONALFACE((153,129,141,145));
#446=IFCINDEXEDPOLYGONALFACE((163,153,149));
#447=IFCINDEXEDPOLYGONALFACE((125,137,129));
#448=IFCINDEXEDPOLYGONALFACE((129,137,141));
#449=IFCINDEXEDPOLYGONALFACE((129,99,117,121));
#450=IFCINDEXEDPOLYGONALFACE((129,121,125));
#451=IFCINDEXEDPOLYGONALFACE((99,113,117));
#452=IFCINDEXEDPOLYGONALFACE((99,91,95));
#453=IFCINDEXEDPOLYGONALFACE((87,55,83));
#454=IFCINDEXEDPOLYGONALFACE((55,87,91));
#455=IFCINDEXEDPOLYGONALFACE((95,113,99));
#456=IFCINDEXEDPOLYGONALFACE((99,55,91));
#457=IFCINDEXEDPOLYGONALFACE((5,29,31));
#458=IFCINDEXEDPOLYGONALFACE((5,25,27));
#459=IFCINDEXEDPOLYGONALFACE((27,29,5));
#460=IFCINDEXEDPOLYGONALFACE((5,3,23,25));
#461=IFCINDEXEDPOLYGONALFACE((21,23,3));
#462=IFCINDEXEDPOLYGONALFACE((7,5,31));
#463=IFCINDEXEDPOLYGONALFACE((99,57,55));
#464=IFCINDEXEDPOLYGONALFACE((55,19,47,51));
#465=IFCINDEXEDPOLYGONALFACE((83,55,51));
#466=IFCINDEXEDPOLYGONALFACE((19,21,3));
#467=IFCINDEXEDPOLYGONALFACE((19,1,15));
#468=IFCINDEXEDPOLYGONALFACE((19,3,1));
#469=IFCINDEXEDPOLYGONALFACE((47,19,15));
#470=IFCINDEXEDPOLYGONALFACE((31,33,7));
#471=IFCINDEXEDPOLYGONALFACE((147,161,151));
#472=IFCSHAPEREPRESENTATION(#473,'Body','Tessellation',(#27));
#473=IFCGEOMETRICREPRESENTATIONSUBCONTEXT('Body','Model',*,*,*,*,#7,$,.MODEL_VIEW.,$);
#474=IFCPRODUCTDEFINITIONSHAPE($,$,(#472));
#475=IFCRELCONTAINEDINSPATIALSTRUCTURE('2dmTw_xQHRxRFDYKEFkGui',$,$,$,(#22),#18);
#476=IFCRELAGGREGATES('3vIQyD4OjPLOryx$wzTAMw',$,$,$,#14,(#18));
#477=IFCBRIDGE('3vyRdMoxnMyvAr5MfECORC',$,'Creek bridge',$,$,#478,$,$,.ELEMENT.,.GIRDER.);
#478=IFCLOCALPLACEMENT(#11,#479);
#479=IFCAXIS2PLACEMENT3D(#480,$,$);
#480=IFCCARTESIANPOINT((0.,0.,0.));
#481=IFCBRIDGEPART('0__6ULeLPJ_e0bddVoY3Ta',$,'Deck',$,$,#482,$,$,.ELEMENT.,.LONGITUDINAL.,.DECK.);
#482=IFCLOCALPLACEMENT(#478,#483);
#483=IFCAXIS2PLACEMENT3D(#484,$,$);
#484=IFCCARTESIANPOINT((0.,0.,0.));
#485=IFCBEAM('0YTQ8YZsjMpA1JtpBqY3j6',$,'Girder',$,$,#486,#587,$,$);
#486=IFCLOCALPLACEMENT(#482,#487);
#487=IFCAXIS2PLACEMENT3D(#488,$,$);
#488=IFCCARTESIANPOINT((0.,0.,0.));
#489=IFCCARTESIANPOINTLIST3D(((15.,0.4000000059604645,5.599999904632568),(15.,0.4000000059604645,5.),(15.,0.4000000059604645,4.400000095367432),(15.,-0.4000000059604645,5.599999904632568),(15.,-0.4000000059604645,5.),(15.,-0.4000000059604645,4.400000095367432),(13.5,0.4000000059604645,5.300000190734863),(13.5,0.4000000059604645,5.),(13.5,0.4000000059604645,4.699999809265137),(13.5,-0.4000000059604645,5.300000190734863),(13.5,-0.4000000059604645,5.),(13.5,-0.4000000059604645,4.699999809265137),(12.,0.4000000059604645,5.599999904632568),(12.,0.4000000059604645,5.300000190734863),(12.,0.4000000059604645,5.),(12.,0.4000000059604645,4.699999809265137),(12.,0.4000000059604645,4.400000095367432),(12.,-0.4000000059604645,5.599999904632568),(12.,-0.4000000059604645,5.300000190734863),(12.,-0.4000000059604645,5.),(12.,-0.4000000059604645,4.699999809265137),(12.,-0.4000000059604645,4.400000095367432),(9.,0.4000000059604645,5.599999904632568),(9.,0.4000000059604645,4.400000095367432),(9.,-0.4000000059604645,5.599999904632568),(9.,-0.4000000059604645,4.400000095367432),(6.,0.4000000059604645,5.599999904632568),(6.,0.4000000059604645,4.400000095367432),(6.,-0.4000000059604645,5.599999904632568),(6.,-0.4000000059604645,4.400000095367432),(3.,0.4000000059604645,5.599999904632568),(3.,0.4000000059604645,4.400000095367432),(3.,-0.4000000059604645,5.599999904632568),(3.,-0.4000000059604645,4.400000095367432),(0.,0.4000000059604645,5.599999904632568),(0.,0.4000000059604645,4.400000095367432),(0.,-0.4000000059604645,5.599999904632568),(0.,-0.4000000059604645,4.400000095367432),(-3.,0.4000000059604645,5.599999904632568),(-3.,0.4000000059604645,4.400000095367432),(-3.,-0.4000000059604645,5.599999904632568),(-3.,-0.4000000059604645,4.400000095367432),(-6.,0.4000000059604645,5.599999904632568),(-6.,0.4000000059604645,4.400000095367432),(-6.,-0.4000000059604645,5.599999904632568),(-6.,-0.4000000059604645,4.400000095367432),(-9.,0.4000000059604645,5.599999904632568),(-9.,0.4000000059604645,4.400000095367432),(-9.,-0.4000000059604645,5.599999904632568),(-9.,-0.4000000059604645,4.400000095367432),(-12.,0.4000000059604645,5.599999904632568),(-12.,0.4000000059604645,5.300000190734863),(-12.,0.4000000059604645,5.),(-12.,0.4000000059604645,4.699999809265137),(-12.,0.4000000059604645,4.400000095367432),(-12.,-0.4000000059604645,5.599999904632568),(-12.,-0.4000000059604645,5.300000190734863),(-12.,-0.4000000059604645,5.),(-12.,-0.4000000059604645,4.699999809265137),(-12.,-0.4000000059604645,4.400000095367432),(-13.5,0.4000000059604645,5.300000190734863),(-13.5,0.4000000059604645,5.),(-13.5,0.4000000059604645,4.699999809265137),(-13.5,-0.4000000059604645,5.300000190734863),(-13.5,-0.4000000059604645,5.),(-13.5,-0.4000000059604645,4.699999809265137),(-15.,0.4000000059604645,5.599999904632568),(-15.,0.4000000059604645,5.),(-15.,0.4000000059604645,4.400000095367432),(-15.,-0.4000000059604645,5.599999904632568),(-15.,-0.4000000059604645,5.),(-15.,-0.4000000059604645,4.400000095367432)),$);
#490=IFCPOLYGONALFACESET(#489,.T.,(#491,#492,#493,#494,#495,#496,#497,#498,#499,#500,#501,#502,#503,#504,#505,#506,#507,#508,#509,#510,#511,#512,#513,#514,#515,#516,#517,#518,#519,#520,#521,#522,#523,#524,#525,#526,#527,#528,#529,#530,#531,#532,#533,#534,#535,#536,#537,#538,#539,#540,#541,#542,#543,#544,#545,#546,#547,#548,#549,#550,#551,#552,#553,#554,#555,#556,#557,#558,#559,#560,#561,#562,#563,#564,#565,#566,#567,#568,#569,#570,#571,#572,#573,#574,#575,#576,#577,#578,#579,#580,#581,#582,#583,#584,#585),$);
#491=IFCINDEXEDPOLYGONALFACE((14,7,8,15));
#492=IFCINDEXEDPOLYGONALFACE((15,8,9,16));
#493=IFCINDEXEDPOLYGONALFACE((61,52,53,62));
#494=IFCINDEXEDPOLYGONALFACE((62,53,54,63));
#495=IFCINDEXEDPOLYGONALFACE((9,3,17));
#496=IFCINDEXEDPOLYGONALFACE((9,8,2));
#497=IFCINDEXEDPOLYGONALFACE((3,9,2));
#498=IFCINDEXEDPOLYGONALFACE((9,17,16));
#499=IFCINDEXEDPOLYGONALFACE((15,16,24));
#500=IFCINDEXEDPOLYGONALFACE((28,32,31,27));
#501=IFCINDEXEDPOLYGONALFACE((24,28,27,23));
#502=IFCINDEXEDPOLYGONALFACE((17,24,16));
#503=IFCINDEXEDPOLYGONALFACE((31,32,36,35));
#504=IFCINDEXEDPOLYGONALFACE((13,1,7));
#505=IFCINDEXEDPOLYGONALFACE((7,1,2));
#506=IFCINDEXEDPOLYGONALFACE((8,7,2));
#507=IFCINDEXEDPOLYGONALFACE((7,14,13));
#508=IFCINDEXEDPOLYGONALFACE((23,13,14));
#509=IFCINDEXEDPOLYGONALFACE((15,23,14));
#510=IFCINDEXEDPOLYGONALFACE((23,15,24));
#511=IFCINDEXEDPOLYGONALFACE((40,44,43,39));
#512=IFCINDEXEDPOLYGONALFACE((44,48,47,43));
#513=IFCINDEXEDPOLYGONALFACE((55,54,48));
#514=IFCINDEXEDPOLYGONALFACE((48,54,53));
#515=IFCINDEXEDPOLYGONALFACE((63,55,69));
#516=IFCINDEXEDPOLYGONALFACE((63,68,62));
#517=IFCINDEXEDPOLYGONALFACE((68,63,69));
#518=IFCINDEXEDPOLYGONALFACE((55,63,54));
#519=IFCINDEXEDPOLYGONALFACE((48,53,47));
#520=IFCINDEXEDPOLYGONALFACE((40,39,35,36));
#521=IFCINDEXEDPOLYGONALFACE((47,53,52));
#522=IFCINDEXEDPOLYGONALFACE((67,51,52,61));
#523=IFCINDEXEDPOLYGONALFACE((68,67,61));
#524=IFCINDEXEDPOLYGONALFACE((47,52,51));
#525=IFCINDEXEDPOLYGONALFACE((68,61,62));
#526=IFCINDEXEDPOLYGONALFACE((68,69,72,71));
#527=IFCINDEXEDPOLYGONALFACE((67,68,71,70));
#528=IFCINDEXEDPOLYGONALFACE((57,64,65,58));
#529=IFCINDEXEDPOLYGONALFACE((58,65,66,59));
#530=IFCINDEXEDPOLYGONALFACE((10,19,20,11));
#531=IFCINDEXEDPOLYGONALFACE((11,20,21,12));
#532=IFCINDEXEDPOLYGONALFACE((66,72,60));
#533=IFCINDEXEDPOLYGONALFACE((66,65,71));
#534=IFCINDEXEDPOLYGONALFACE((72,66,71));
#535=IFCINDEXEDPOLYGONALFACE((66,60,59));
#536=IFCINDEXEDPOLYGONALFACE((58,59,50));
#537=IFCINDEXEDPOLYGONALFACE((46,42,41,45));
#538=IFCINDEXEDPOLYGONALFACE((50,46,45,49));
#539=IFCINDEXEDPOLYGONALFACE((60,50,59));
#540=IFCINDEXEDPOLYGONALFACE((41,42,38,37));
#541=IFCINDEXEDPOLYGONALFACE((56,70,64));
#542=IFCINDEXEDPOLYGONALFACE((64,70,71));
#543=IFCINDEXEDPOLYGONALFACE((65,64,71));
#544=IFCINDEXEDPOLYGONALFACE((64,57,56));
#545=IFCINDEXEDPOLYGONALFACE((49,56,57));
#546=IFCINDEXEDPOLYGONALFACE((58,49,57));
#547=IFCINDEXEDPOLYGONALFACE((49,58,50));
#548=IFCINDEXEDPOLYGONALFACE((30,29,33,34));
#549=IFCINDEXEDPOLYGONALFACE((21,26,22));
#550=IFCINDEXEDPOLYGONALFACE((26,25,29,30));
#551=IFCINDEXEDPOLYGONALFACE((21,22,12));
#552=IFCINDEXEDPOLYGONALFACE((6,12,22));
#553=IFCINDEXEDPOLYGONALFACE((12,5,11));
#554=IFCINDEXEDPOLYGONALFACE((5,12,6));
#555=IFCINDEXEDPOLYGONALFACE((26,21,20));
#556=IFCINDEXEDPOLYGONALFACE((26,20,25));
#557=IFCINDEXEDPOLYGONALFACE((34,33,37,38));
#558=IFCINDEXEDPOLYGONALFACE((25,20,19));
#559=IFCINDEXEDPOLYGONALFACE((4,18,10));
#560=IFCINDEXEDPOLYGONALFACE((19,10,18));
#561=IFCINDEXEDPOLYGONALFACE((5,4,10));
#562=IFCINDEXEDPOLYGONALFACE((25,19,18));
#563=IFCINDEXEDPOLYGONALFACE((5,10,11));
#564=IFCINDEXEDPOLYGONALFACE((5,6,3,2));
#565=IFCINDEXEDPOLYGONALFACE((4,5,2,1));
#566=IFCINDEXEDPOLYGONALFACE((60,72,69,55));
#567=IFCINDEXEDPOLYGONALFACE((50,48,44,46));
#568=IFCINDEXEDPOLYGONALFACE((46,44,40,42));
#569=IFCINDEXEDPOLYGONALFACE((50,60,55,48));
#570=IFCINDEXEDPOLYGONALFACE((42,40,36,38));
#571=IFCINDEXEDPOLYGONALFACE((34,32,28,30));
#572=IFCINDEXEDPOLYGONALFACE((22,26,24,17));
#573=IFCINDEXEDPOLYGONALFACE((6,22,17,3));
#574=IFCINDEXEDPOLYGONALFACE((30,28,24,26));
#575=IFCINDEXEDPOLYGONALFACE((32,34,38,36));
#576=IFCINDEXEDPOLYGONALFACE((56,51,67,70));
#577=IFCINDEXEDPOLYGONALFACE((49,45,43,47));
#578=IFCINDEXEDPOLYGONALFACE((45,41,39,43));
#579=IFCINDEXEDPOLYGONALFACE((49,47,51,56));
#580=IFCINDEXEDPOLYGONALFACE((41,37,35,39));
#581=IFCINDEXEDPOLYGONALFACE((33,29,27,31));
#582=IFCINDEXEDPOLYGONALFACE((18,13,23,25));
#583=IFCINDEXEDPOLYGONALFACE((4,1,13,18));
#584=IFCINDEXEDPOLYGONALFACE((29,25,23,27));
#585=IFCINDEXEDPOLYGONALFACE((31,35,37,33));
#586=IFCSHAPEREPRESENTATION(#473,'Body','Tessellation',(#490));
#587=IFCPRODUCTDEFINITIONSHAPE($,$,(#586));
#588=IFCRELCONTAINEDINSPATIALSTRUCTURE('2NFRzZUAjRQRSoAPkTsYjH',$,$,$,(#485),#481);
#589=IFCBRIDGEPART('1LlwgW0SfVNPfIE0b8CcI3',$,'Substructure',$,$,#590,$,$,.ELEMENT.,.VERTICAL.,.SUBSTRUCTURE.);
#590=IFCLOCALPLACEMENT(#478,#591);
#591=IFCAXIS2PLACEMENT3D(#592,$,$);
#592=IFCCARTESIANPOINT((0.,0.,0.));
#593=IFCBRIDGEPART('2P_FYCUuTS7g9xPnRG$mb7',$,'Pier 1',$,$,#594,$,$,.ELEMENT.,.VERTICAL.,.PIER.);
#594=IFCLOCALPLACEMENT(#590,#595);
#595=IFCAXIS2PLACEMENT3D(#596,$,$);
#596=IFCCARTESIANPOINT((0.,0.,0.));
#597=IFCCOLUMN('18Y0kRR7vVE9gdttb_MnDp',$,'Pier column',$,$,#598,#638,$,$);
#598=IFCLOCALPLACEMENT(#594,#599);
#599=IFCAXIS2PLACEMENT3D(#600,$,$);
#600=IFCCARTESIANPOINT((0.,0.,0.));
#601=IFCCARTESIANPOINTLIST3D(((0.6000000238418579,0.6000000238418579,4.199999809265137),(0.6000000238418579,0.6000000238418579,2.),(0.6000000238418579,0.6000000238418579,-0.20000000298023224),(0.6000000238418579,0.,4.199999809265137),(0.6000000238418579,0.,-0.20000000298023224),(0.6000000238418579,-0.6000000238418579,4.199999809265137),(0.6000000238418579,-0.6000000238418579,2.),(0.6000000238418579,-0.6000000238418579,-0.20000000298023224),(0.,0.6000000238418579,4.199999809265137),(0.,0.6000000238418579,-0.20000000298023224),(0.,-0.6000000238418579,4.199999809265137),(0.,-0.6000000238418579,-0.20000000298023224),(-0.6000000238418579,0.6000000238418579,4.199999809265137),(-0.6000000238418579,0.6000000238418579,2.),(-0.6000000238418579,0.6000000238418579,-0.20000000298023224),(-0.6000000238418579,0.,4.199999809265137),(-0.6000000238418579,0.,-0.20000000298023224),(-0.6000000238418579,-0.6000000238418579,4.199999809265137),(-0.6000000238418579,-0.6000000238418579,2.),(-0.6000000238418579,-0.6000000238418579,-0.20000000298023224)),$);
#602=IFCPOLYGONALFACESET(#601,.T.,(#603,#604,#605,#606,#607,#608,#609,#610,#611,#612,#613,#614,#615,#616,#617,#618,#619,#620,#621,#622,#623,#624,#625,#626,#627,#628,#629,#630,#631,#632,#633,#634,#635,#636),$);
#603=IFCINDEXEDPOLYGONALFACE((2,3,10));
#604=IFCINDEXEDPOLYGONALFACE((2,9,1));
#605=IFCINDEXEDPOLYGONALFACE((14,2,10));
#606=IFCINDEXEDPOLYGONALFACE((2,14,9));
#607=IFCINDEXEDPOLYGONALFACE((14,13,9));
#608=IFCINDEXEDPOLYGONALFACE((15,14,10));
#609=IFCINDEXEDPOLYGONALFACE((14,15,17));
#610=IFCINDEXEDPOLYGONALFACE((14,16,13));
#611=IFCINDEXEDPOLYGONALFACE((19,14,17));
#612=IFCINDEXEDPOLYGONALFACE((14,19,16));
#613=IFCINDEXEDPOLYGONALFACE((19,18,16));
#614=IFCINDEXEDPOLYGONALFACE((20,19,17));
#615=IFCINDEXEDPOLYGONALFACE((19,20,12));
#616=IFCINDEXEDPOLYGONALFACE((19,11,18));
#617=IFCINDEXEDPOLYGONALFACE((7,19,12));
#618=IFCINDEXEDPOLYGONALFACE((19,7,11));
#619=IFCINDEXEDPOLYGONALFACE((7,6,11));
#620=IFCINDEXEDPOLYGONALFACE((8,7,12));
#621=IFCINDEXEDPOLYGONALFACE((7,8,5));
#622=IFCINDEXEDPOLYGONALFACE((7,4,6));
#623=IFCINDEXEDPOLYGONALFACE((2,7,5,3));
#624=IFCINDEXEDPOLYGONALFACE((7,2,1,4));
#625=IFCINDEXEDPOLYGONALFACE((12,17,10));
#626=IFCINDEXEDPOLYGONALFACE((17,15,10));
#627=IFCINDEXEDPOLYGONALFACE((12,20,17));
#628=IFCINDEXEDPOLYGONALFACE((5,8,12));
#629=IFCINDEXEDPOLYGONALFACE((5,10,3));
#630=IFCINDEXEDPOLYGONALFACE((12,10,5));
#631=IFCINDEXEDPOLYGONALFACE((11,9,16));
#632=IFCINDEXEDPOLYGONALFACE((16,9,13));
#633=IFCINDEXEDPOLYGONALFACE((11,16,18));
#634=IFCINDEXEDPOLYGONALFACE((4,11,6));
#635=IFCINDEXEDPOLYGONALFACE((4,1,9));
#636=IFCINDEXEDPOLYGONALFACE((11,4,9));
#637=IFCSHAPEREPRESENTATION(#473,'Body','Tessellation',(#602));
#638=IFCPRODUCTDEFINITIONSHAPE($,$,(#637));
#639=IFCRELCONTAINEDINSPATIALSTRUCTURE('3KDO1DLtHUAwd7FNmxnjBp',$,$,$,(#597),#593);
#640=IFCRELAGGREGATES('0x4n3D5iDUteLKRLQXxUv6',$,$,$,#589,(#593));
#641=IFCRELAGGREGATES('2VH97QA9XR3g0b6rnkP53G',$,$,$,#477,(#481,#589));
#642=IFCRAILWAY('0qe6X25XLMtfcalMXVt9Kk',$,'Freight line',$,$,#643,$,$,.ELEMENT.,$);
#643=IFCLOCALPLACEMENT(#11,#644);
#644=IFCAXIS2PLACEMENT3D(#645,$,$);
#645=IFCCARTESIANPOINT((0.,0.,0.));
#646=IFCRAILWAYPART('2_3zsPsnfN28P32Boq0qvD',$,'Track',$,$,#647,$,$,.ELEMENT.,.LONGITUDINAL.,.PLAINTRACK.);
#647=IFCLOCALPLACEMENT(#643,#648);
#648=IFCAXIS2PLACEMENT3D(#649,$,$);
#649=IFCCARTESIANPOINT((0.,0.,0.));
#650=IFCRAIL('2rOijcJpPGPRmiZWauJqLZ',$,'Rail',$,$,#651,#1165,$,$);
#651=IFCLOCALPLACEMENT(#647,#652);
#652=IFCAXIS2PLACEMENT3D(#653,$,$);
#653=IFCCARTESIANPOINT((0.,0.,0.));
#654=IFCCARTESIANPOINTLIST3D(((20.,20.040000915527344,0.18000000715255737),(20.,20.040000915527344,0.10000000149011612),(20.,20.040000915527344,0.019999999552965164),(20.,19.959999084472656,0.18000000715255737),(20.,19.959999084472656,0.10000000149011612),(20.,19.959999084472656,0.019999999552965164),(19.761905670166016,20.040000915527344,0.14000000059604645),(19.761905670166016,20.040000915527344,0.10000000149011612),(19.761905670166016,20.040000915527344,0.05999999865889549),(19.761905670166016,19.959999084472656,0.14000000059604645),(19.761905670166016,19.959999084472656,0.10000000149011612),(19.761905670166016,19.959999084472656,0.05999999865889549),(19.64601707458496,20.040000915527344,0.18000000715255737),(19.64601707458496,20.040000915527344,0.019999999552965164),(19.64601707458496,19.959999084472656,0.18000000715255737),(19.64601707458496,19.959999084472656,0.019999999552965164),(19.5238094329834,20.040000915527344,0.14000000059604645),(19.5238094329834,20.040000915527344,0.10000000149011612),(19.5238094329834,20.040000915527344,0.05999999865889549),(19.5238094329834,19.959999084472656,0.14000000059604645),(19.5238094329834,19.959999084472656,0.10000000149011612),(19.5238094329834,19.959999084472656,0.05999999865889549),(19.292036056518555,20.040000915527344,0.18000000715255737),(19.292036056518555,20.040000915527344,0.019999999552965164),(19.292036056518555,19.959999084472656,0.18000000715255737),(19.292036056518555,19.959999084472656,0.019999999552965164),(18.938053131103516,20.040000915527344,0.18000000715255737),(18.938053131103516,20.040000915527344,0.019999999552965164),(18.938053131103516,19.959999084472656,0.18000000715255737),(18.938053131103516,19.959999084472656,0.019999999552965164),(18.584070205688477,20.040000915527344,0.18000000715255737),(18.584070205688477,20.040000915527344,0.019999999552965164),(18.584070205688477,19.959999084472656,0.18000000715255737),(18.584070205688477,19.959999084472656,0.019999999552965164),(18.23008918762207,20.040000915527344,0.18000000715255737),(18.23008918762207,20.040000915527344,0.019999999552965164),(18.23008918762207,19.959999084472656,0.18000000715255737),(18.23008918762207,19.959999084472656,0.019999999552965164),(17.87610626220703,20.040000915527344,0.18000000715255737),(17.87610626220703,20.040000915527344,0.019999999552965164),(17.87610626220703,19.959999084472656,0.18000000715255737),(17.87610626220703,19.959999084472656,0.019999999552965164),(17.522123336791992,20.040000915527344,0.18000000715255737),(17.522123336791992,20.040000915527344,0.019999999552965164),(17.522123336791992,19.959999084472656,0.18000000715255737),(17.522123336791992,19.959999084472656,0.019999999552965164),(17.168142318725586,20.040000915527344,0.18000000715255737),(17.168142318725586,20.040000915527344,0.019999999552965164),(17.168142318725586,19.959999084472656,0.18000000715255737),(17.168142318725586,19.959999084472656,0.019999999552965164),(16.814159393310547,20.040000915527344,0.18000000715255737),(16.814159393310547,20.040000915527344,0.019999999552965164),(16.814159393310547,19.959999084472656,0.18000000715255737),(16.814159393310547,19.959999084472656,0.019999999552965164),(16.460176467895508,20.040000915527344,0.18000000715255737),(16.460176467895508,20.040000915527344,0.019999999552965164),(16.460176467895508,19.959999084472656,0.18000000715255737),(16.460176467895508,19.959999084472656,0.019999999552965164),(16.1061954498291,20.040000915527344,0.18000000715255737),(16.1061954498291,20.040000915527344,0.019999999552965164),(16.1061954498291,19.959999084472656,0.18000000715255737),(16.1061954498291,19.959999084472656,0.019999999552965164),(15.752212524414062,20.040000915527344,0.18000000715255737),(15.752212524414062,20.040000915527344,0.019999999552965164),(15.752212524414062,19.959999084472656,0.18000000715255737),(15.752212524414062,19.959999084472656,0.019999999552965164),(15.39823055267334,20.040000915527344,0.18000000715255737),(15.39823055267334,20.040000915527344,0.019999999552965164),(15.39823055267334,19.959999084472656,0.18000000715255737),(15.39823055267334,19.959999084472656,0.019999999552965164),(15.0442476272583,20.040000915527344,0.18000000715255737),(15.0442476272583,20.040000915527344,0.019999999552965164),(15.0442476272583,19.959999084472656,0.18000000715255737),(15.0442476272583,19.959999084472656,0.019999999552965164),(14.690265655517578,20.040000915527344,0.18000000715255737),(14.690265655517578,20.040000915527344,0.019999999552965164),(14.690265655517578,19.959999084472656,0.18000000715255737),(14.690265655517578,19.959999084472656,0.019999999552965164),(14.336282730102539,20.040000915527344,0.18000000715255737),(14.336282730102539,20.040000915527344,0.019999999552965164),(14.336282730102539,19.959999084472656,0.18000000715255737),(14.336282730102539,19.959999084472656,0.019999999552965164),(13.982300758361816,20.040000915527344,0.18000000715255737),(13.982300758361816,20.040000915527344,0.019999999552965164),(13.982300758361816,19.959999084472656,0.18000000715255737),(13.982300758361816,19.959999084472656,0.019999999552965164),(13.628318786621094,20.040000915527344,0.18000000715255737),(13.628318786621094,20.040000915527344,0.019999999552965164),(13.628318786621094,19.959999084472656,0.18000000715255737),(13.628318786621094,19.959999084472656,0.019999999552965164),(13.274335861206055,20.040000915527344,0.18000000715255737),(13.274335861206055,20.040000915527344,0.019999999552965164),(13.274335861206055,19.959999084472656,0.18000000715255737),(13.274335861206055,19.959999084472656,0.019999999552965164),(12.920353889465332,20.040000915527344,0.18000000715255737),(12.920353889465332,20.040000915527344,0.019999999552965164),(12.920353889465332,19.959999084472656,0.18000000715255737),(12.920353889465332,19.959999084472656,0.019999999552965164),(12.56637191772461,20.040000915527344,0.18000000715255737),(12.56637191772461,20.040000915527344,0.019999999552965164),(12.56637191772461,19.959999084472656,0.18000000715255737),(12.56637191772461,19.959999084472656,0.019999999552965164),(12.21238899230957,20.040000915527344,0.18000000715255737),(12.21238899230957,20.040000915527344,0.019999999552965164),(12.21238899230957,19.959999084472656,0.18000000715255737),(12.21238899230957,19.959999084472656,0.019999999552965164),(11.858407020568848,20.040000915527344,0.18000000715255737),(11.858407020568848,20.040000915527344,0.019999999552965164),(11.858407020568848,19.959999084472656,0.18000000715255737),(11.858407020568848,19.959999084472656,0.019999999552965164),(11.504425048828125,20.040000915527344,0.18000000715255737),(11.504425048828125,20.040000915527344,0.019999999552965164),(11.504425048828125,19.959999084472656,0.18000000715255737),(11.504425048828125,19.959999084472656,0.019999999552965164),(11.150442123413086,20.040000915527344,0.18000000715255737),(11.150442123413086,20.040000915527344,0.019999999552965164),(11.150442123413086,19.959999084472656,0.18000000715255737),(11.150442123413086,19.959999084472656,0.019999999552965164),(10.796460151672363,20.040000915527344,0.18000000715255737),(10.796460151672363,20.040000915527344,0.019999999552965164),(10.796460151672363,19.959999084472656,0.18000000715255737),(10.796460151672363,19.959999084472656,0.019999999552965164),(10.44247817993164,20.040000915527344,0.18000000715255737),(10.44247817993164,20.040000915527344,0.019999999552965164),(10.44247817993164,19.959999084472656,0.18000000715255737),(10.44247817993164,19.959999084472656,0.019999999552965164),(10.088495254516602,20.040000915527344,0.18000000715255737),(10.088495254516602,20.040000915527344,0.019999999552965164),(10.088495254516602,19.959999084472656,0.18000000715255737),(10.088495254516602,19.959999084472656,0.019999999552965164),(9.734513282775879,20.040000915527344,0.18000000715255737),(9.734513282775879,20.040000915527344,0.019999999552965164),(9.734513282775879,19.959999084472656,0.18000000715255737),(9.734513282775879,19.959999084472656,0.019999999552965164),(9.380531311035156,20.040000915527344,0.18000000715255737),(9.380531311035156,20.040000915527344,0.019999999552965164),(9.380531311035156,19.959999084472656,0.18000000715255737),(9.380531311035156,19.959999084472656,0.019999999552965164),(9.026548385620117,20.040000915527344,0.18000000715255737),(9.026548385620117,20.040000915527344,0.019999999552965164),(9.026548385620117,19.959999084472656,0.18000000715255737),(9.026548385620117,19.959999084472656,0.019999999552965164),(8.672566413879395,20.040000915527344,0.18000000715255737),(8.672566413879395,20.040000915527344,0.019999999552965164),(8.672566413879395,19.959999084472656,0.18000000715255737),(8.672566413879395,19.959999084472656,0.019999999552965164),(8.318584442138672,20.040000915527344,0.18000000715255737),(8.318584442138672,20.040000915527344,0.019999999552965164),(8.318584442138672,19.959999084472656,0.18000000715255737),(8.318584442138672,19.959999084472656,0.019999999552965164),(7.964601993560791,20.040000915527344,0.18000000715255737),(7.964601993560791,20.040000915527344,0.019999999552965164),(7.964601993560791,19.959999084472656,0.18000000715255737),(7.964601993560791,19.959999084472656,0.019999999552965164),(7.61061954498291,20.040000915527344,0.18000000715255737),(7.61061954498291,20.040000915527344,0.019999999552965164),(7.61061954498291,19.959999084472656,0.18000000715255737),(7.61061954498291,19.959999084472656,0.019999999552965164),(7.256637096405029,20.040000915527344,0.18000000715255737),(7.256637096405029,20.040000915527344,0.019999999552965164),(7.256637096405029,19.959999084472656,0.18000000715255737),(7.256637096405029,19.959999084472656,0.019999999552965164),(6.902654647827148,20.040000915527344,0.18000000715255737),(6.902654647827148,20.040000915527344,0.019999999552965164),(6.902654647827148,19.959999084472656,0.18000000715255737),(6.902654647827148,19.959999084472656,0.019999999552965164),(6.548672676086426,20.040000915527344,0.18000000715255737),(6.548672676086426,20.040000915527344,0.019999999552965164),(6.548672676086426,19.959999084472656,0.18000000715255737),(6.548672676086426,19.959999084472656,0.019999999552965164),(6.194690227508545,20.040000915527344,0.18000000715255737),(6.194690227508545,20.040000915527344,0.019999999552965164),(6.194690227508545,19.959999084472656,0.18000000715255737),(6.194690227508545,19.959999084472656,0.019999999552965164),(5.840707778930664,20.040000915527344,0.18000000715255737),(5.840707778930664,20.040000915527344,0.019999999552965164),(5.840707778930664,19.959999084472656,0.18000000715255737),(5.840707778930664,19.959999084472656,0.019999999552965164),(5.486725807189941,20.040000915527344,0.18000000715255737),(5.486725807189941,20.040000915527344,0.019999999552965164),(5.486725807189941,19.959999084472656,0.18000000715255737),(5.486725807189941,19.959999084472656,0.019999999552965164),(5.1327433586120605,20.040000915527344,0.18000000715255737),(5.1327433586120605,20.040000915527344,0.019999999552965164),(5.1327433586120605,19.959999084472656,0.18000000715255737),(5.1327433586120605,19.959999084472656,0.019999999552965164),(4.77876091003418,20.040000915527344,0.18000000715255737),(4.77876091003418,20.040000915527344,0.019999999552965164),(4.77876091003418,19.959999084472656,0.18000000715255737),(4.77876091003418,19.959999084472656,0.019999999552965164),(4.424778938293457,20.040000915527344,0.18000000715255737),(4.424778938293457,20.040000915527344,0.019999999552965164),(4.424778938293457,19.959999084472656,0.18000000715255737),(4.424778938293457,19.959999084472656,0.019999999552965164),(4.070796489715576,20.040000915527344,0.18000000715255737),(4.070796489715576,20.040000915527344,0.019999999552965164),(4.070796489715576,19.959999084472656,0.18000000715255737),(4.070796489715576,19.959999084472656,0.019999999552965164),(3.7168140411376953,20.040000915527344,0.18000000715255737),(3.7168140411376953,20.040000915527344,0.019999999552965164),(3.7168140411376953,19.959999084472656,0.18000000715255737),(3.7168140411376953,19.959999084472656,0.019999999552965164),(3.3628318309783936,20.040000915527344,0.18000000715255737),(3.3628318309783936,20.040000915527344,0.019999999552965164),(3.3628318309783936,19.959999084472656,0.18000000715255737),(3.3628318309783936,19.959999084472656,0.019999999552965164),(3.008849620819092,20.040000915527344,0.18000000715255737),(3.008849620819092,20.040000915527344,0.019999999552965164),(3.008849620819092,19.959999084472656,0.18000000715255737),(3.008849620819092,19.959999084472656,0.019999999552965164),(2.654867172241211,20.040000915527344,0.18000000715255737),(2.654867172241211,20.040000915527344,0.019999999552965164),(2.654867172241211,19.959999084472656,0.18000000715255737),(2.654867172241211,19.959999084472656,0.019999999552965164),(2.300884962081909,20.040000915527344,0.18000000715255737),(2.300884962081909,20.040000915527344,0.019999999552965164),(2.300884962081909,19.959999084472656,0.18000000715255737),(2.300884962081909,19.959999084472656,0.019999999552965164),(1.9469026327133179,20.040000915527344,0.18000000715255737),(1.9469026327133179,20.040000915527344,0.019999999552965164),(1.9469026327133179,19.959999084472656,0.18000000715255737),(1.9469026327133179,19.959999084472656,0.019999999552965164),(1.5929203033447266,20.040000915527344,0.18000000715255737),(1.5929203033447266,20.040000915527344,0.019999999552965164),(1.5929203033447266,19.959999084472656,0.18000000715255737),(1.5929203033447266,19.959999084472656,0.019999999552965164),(1.2389380931854248,20.040000915527344,0.18000000715255737),(1.2389380931854248,20.040000915527344,0.019999999552965164),(1.2389380931854248,19.959999084472656,0.18000000715255737),(1.2389380931854248,19.959999084472656,0.019999999552965164),(0.8849557638168335,20.040000915527344,0.18000000715255737),(0.8849557638168335,20.040000915527344,0.019999999552965164),(0.8849557638168335,19.959999084472656,0.18000000715255737),(0.8849557638168335,19.959999084472656,0.019999999552965164),(0.5309734344482422,20.040000915527344,0.18000000715255737),(0.5309734344482422,20.040000915527344,0.019999999552965164),(0.5309734344482422,19.959999084472656,0.18000000715255737),(0.5309734344482422,19.959999084472656,0.019999999552965164),(0.17699114978313446,20.040000915527344,0.18000000715255737),(0.17699114978313446,20.040000915527344,0.019999999552965164),(0.17699114978313446,19.959999084472656,0.18000000715255737),(0.17699114978313446,19.959999084472656,0.019999999552965164),(-0.17699114978313446,20.040000915527344,0.18000000715255737),(-0.17699114978313446,20.040000915527344,0.019999999552965164),(-0.17699114978313446,19.959999084472656,0.18000000715255737),(-0.17699114978313446,19.959999084472656,0.019999999552965164),(-0.5309734344482422,20.040000915527344,0.18000000715255737),(-0.5309734344482422,20.040000915527344,0.019999999552965164),(-0.5309734344482422,19.959999084472656,0.18000000715255737),(-0.5309734344482422,19.959999084472656,0.019999999552965164),(-0.8849557638168335,20.040000915527344,0.18000000715255737),(-0.8849557638168335,20.040000915527344,0.019999999552965164),(-0.8849557638168335,19.959999084472656,0.18000000715255737),(-0.8849557638168335,19.959999084472656,0.019999999552965164),(-1.2389380931854248,20.040000915527344,0.18000000715255737),(-1.2389380931854248,20.040000915527344,0.019999999552965164),(-1.2389380931854248,19.959999084472656,0.18000000715255737),(-1.2389380931854248,19.959999084472656,0.019999999552965164),(-1.5929203033447266,20.040000915527344,0.18000000715255737),(-1.5929203033447266,20.040000915527344,0.019999999552965164),(-1.5929203033447266,19.959999084472656,0.18000000715255737),(-1.5929203033447266,19.959999084472656,0.019999999552965164),(-1.9469026327133179,20.040000915527344,0.18000000715255737),(-1.9469026327133179,20.040000915527344,0.019999999552965164),(-1.9469026327133179,19.959999084472656,0.18000000715255737),(-1.9469026327133179,19.959999084472656,0.019999999552965164),(-2.300884962081909,20.040000915527344,0.18000000715255737),(-2.300884962081909,20.040000915527344,0.019999999552965164),(-2.300884962081909,19.959999084472656,0.18000000715255737),(-2.300884962081909,19.959999084472656,0.019999999552965164),(-2.654867172241211,20.040000915527344,0.18000000715255737),(-2.654867172241211,20.040000915527344,0.019999999552965164),(-2.654867172241211,19.959999084472656,0.18000000715255737),(-2.654867172241211,19.959999084472656,0.019999999552965164),(-3.008849620819092,20.040000915527344,0.18000000715255737),(-3.008849620819092,20.040000915527344,0.019999999552965164),(-3.008849620819092,19.959999084472656,0.18000000715255737),(-3.008849620819092,19.959999084472656,0.019999999552965164),(-3.3628318309783936,20.040000915527344,0.18000000715255737),(-3.3628318309783936,20.040000915527344,0.019999999552965164),(-3.3628318309783936,19.959999084472656,0.18000000715255737),(-3.3628318309783936,19.959999084472656,0.019999999552965164),(-3.7168140411376953,20.040000915527344,0.18000000715255737),(-3.7168140411376953,20.040000915527344,0.019999999552965164),(-3.7168140411376953,19.959999084472656,0.18000000715255737),(-3.7168140411376953,19.959999084472656,0.019999999552965164),(-4.070796489715576,20.040000915527344,0.18000000715255737),(-4.070796489715576,20.040000915527344,0.019999999552965164),(-4.070796489715576,19.959999084472656,0.18000000715255737),(-4.070796489715576,19.959999084472656,0.019999999552965164),(-4.424778938293457,20.040000915527344,0.18000000715255737),(-4.424778938293457,20.040000915527344,0.019999999552965164),(-4.424778938293457,19.959999084472656,0.18000000715255737),(-4.424778938293457,19.959999084472656,0.019999999552965164),(-4.77876091003418,20.040000915527344,0.18000000715255737),(-4.77876091003418,20.040000915527344,0.019999999552965164),(-4.77876091003418,19.959999084472656,0.18000000715255737),(-4.77876091003418,19.959999084472656,0.019999999552965164),(-5.1327433586120605,20.040000915527344,0.18000000715255737),(-5.1327433586120605,20.040000915527344,0.019999999552965164),(-5.1327433586120605,19.959999084472656,0.18000000715255737),(-5.1327433586120605,19.959999084472656,0.019999999552965164),(-5.486725807189941,20.040000915527344,0.18000000715255737),(-5.486725807189941,20.040000915527344,0.019999999552965164),(-5.486725807189941,19.959999084472656,0.18000000715255737),(-5.486725807189941,19.959999084472656,0.019999999552965164),(-5.840707778930664,20.040000915527344,0.18000000715255737),(-5.840707778930664,20.040000915527344,0.019999999552965164),(-5.840707778930664,19.959999084472656,0.18000000715255737),(-5.840707778930664,19.959999084472656,0.019999999552965164),(-6.194690227508545,20.040000915527344,0.18000000715255737),(-6.194690227508545,20.040000915527344,0.019999999552965164),(-6.194690227508545,19.959999084472656,0.18000000715255737),(-6.194690227508545,19.959999084472656,0.019999999552965164),(-6.548672676086426,20.040000915527344,0.18000000715255737),(-6.548672676086426,20.040000915527344,0.019999999552965164),(-6.548672676086426,19.959999084472656,0.18000000715255737),(-6.548672676086426,19.959999084472656,0.019999999552965164),(-6.902654647827148,20.040000915527344,0.18000000715255737),(-6.902654647827148,20.040000915527344,0.019999999552965164),(-6.902654647827148,19.959999084472656,0.18000000715255737),(-6.902654647827148,19.959999084472656,0.019999999552965164),(-7.256637096405029,20.040000915527344,0.18000000715255737),(-7.256637096405029,20.040000915527344,0.019999999552965164),(-7.256637096405029,19.959999084472656,0.18000000715255737),(-7.256637096405029,19.959999084472656,0.019999999552965164),(-7.61061954498291,20.040000915527344,0.18000000715255737),(-7.61061954498291,20.040000915527344,0.019999999552965164),(-7.61061954498291,19.959999084472656,0.18000000715255737),(-7.61061954498291,19.959999084472656,0.019999999552965164),(-7.964601993560791,20.040000915527344,0.18000000715255737),(-7.964601993560791,20.040000915527344,0.019999999552965164),(-7.964601993560791,19.959999084472656,0.18000000715255737),(-7.964601993560791,19.959999084472656,0.019999999552965164),(-8.318584442138672,20.040000915527344,0.18000000715255737),(-8.318584442138672,20.040000915527344,0.019999999552965164),(-8.318584442138672,19.959999084472656,0.18000000715255737),(-8.318584442138672,19.959999084472656,0.019999999552965164),(-8.672566413879395,20.040000915527344,0.18000000715255737),(-8.672566413879395,20.040000915527344,0.019999999552965164),(-8.672566413879395,19.959999084472656,0.18000000715255737),(-8.672566413879395,19.959999084472656,0.019999999552965164),(-9.026548385620117,20.040000915527344,0.18000000715255737),(-9.026548385620117,20.040000915527344,0.019999999552965164),(-9.026548385620117,19.959999084472656,0.18000000715255737),(-9.026548385620117,19.959999084472656,0.019999999552965164),(-9.380531311035156,20.040000915527344,0.18000000715255737),(-9.380531311035156,20.040000915527344,0.019999999552965164),(-9.380531311035156,19.959999084472656,0.18000000715255737),(-9.380531311035156,19.959999084472656,0.019999999552965164),(-9.734513282775879,20.040000915527344,0.18000000715255737),(-9.734513282775879,20.040000915527344,0.019999999552965164),(-9.734513282775879,19.959999084472656,0.18000000715255737),(-9.734513282775879,19.959999084472656,0.019999999552965164),(-10.088495254516602,20.040000915527344,0.18000000715255737),(-10.088495254516602,20.040000915527344,0.019999999552965164),(-10.088495254516602,19.959999084472656,0.18000000715255737),(-10.088495254516602,19.959999084472656,0.019999999552965164),(-10.44247817993164,20.040000915527344,0.18000000715255737),(-10.44247817993164,20.040000915527344,0.019999999552965164),(-10.44247817993164,19.959999084472656,0.18000000715255737),(-10.44247817993164,19.959999084472656,0.019999999552965164),(-10.796460151672363,20.040000915527344,0.18000000715255737),(-10.796460151672363,20.040000915527344,0.019999999552965164),(-10.796460151672363,19.959999084472656,0.18000000715255737),(-10.796460151672363,19.959999084472656,0.019999999552965164),(-11.150442123413086,20.040000915527344,0.18000000715255737),(-11.150442123413086,20.040000915527344,0.019999999552965164),(-11.150442123413086,19.959999084472656,0.18000000715255737),(-11.150442123413086,19.959999084472656,0.019999999552965164),(-11.504425048828125,20.040000915527344,0.18000000715255737),(-11.504425048828125,20.040000915527344,0.019999999552965164),(-11.504425048828125,19.959999084472656,0.18000000715255737),(-11.504425048828125,19.959999084472656,0.019999999552965164),(-11.858407020568848,20.040000915527344,0.18000000715255737),(-11.858407020568848,20.040000915527344,0.019999999552965164),(-11.858407020568848,19.959999084472656,0.18000000715255737),(-11.858407020568848,19.959999084472656,0.019999999552965164),(-12.21238899230957,20.040000915527344,0.18000000715255737),(-12.21238899230957,20.040000915527344,0.019999999552965164),(-12.21238899230957,19.959999084472656,0.18000000715255737),(-12.21238899230957,19.959999084472656,0.019999999552965164),(-12.56637191772461,20.040000915527344,0.18000000715255737),(-12.56637191772461,20.040000915527344,0.019999999552965164),(-12.56637191772461,19.959999084472656,0.18000000715255737),(-12.56637191772461,19.959999084472656,0.019999999552965164),(-12.920353889465332,20.040000915527344,0.18000000715255737),(-12.920353889465332,20.040000915527344,0.019999999552965164),(-12.920353889465332,19.959999084472656,0.18000000715255737),(-12.920353889465332,19.959999084472656,0.019999999552965164),(-13.274335861206055,20.040000915527344,0.18000000715255737),(-13.274335861206055,20.040000915527344,0.019999999552965164),(-13.274335861206055,19.959999084472656,0.18000000715255737),(-13.274335861206055,19.959999084472656,0.019999999552965164),(-13.628318786621094,20.040000915527344,0.18000000715255737),(-13.628318786621094,20.040000915527344,0.019999999552965164),(-13.628318786621094,19.959999084472656,0.18000000715255737),(-13.628318786621094,19.959999084472656,0.019999999552965164),(-13.982300758361816,20.040000915527344,0.18000000715255737),(-13.982300758361816,20.040000915527344,0.019999999552965164),(-13.982300758361816,19.959999084472656,0.18000000715255737),(-13.982300758361816,19.959999084472656,0.019999999552965164),(-14.336282730102539,20.040000915527344,0.18000000715255737),(-14.336282730102539,20.040000915527344,0.019999999552965164),(-14.336282730102539,19.959999084472656,0.18000000715255737),(-14.336282730102539,19.959999084472656,0.019999999552965164),(-14.690265655517578,20.040000915527344,0.18000000715255737),(-14.690265655517578,20.040000915527344,0.019999999552965164),(-14.690265655517578,19.959999084472656,0.18000000715255737),(-14.690265655517578,19.959999084472656,0.019999999552965164),(-15.0442476272583,20.040000915527344,0.18000000715255737),(-15.0442476272583,20.040000915527344,0.019999999552965164),(-15.0442476272583,19.959999084472656,0.18000000715255737),(-15.0442476272583,19.959999084472656,0.019999999552965164),(-15.39823055267334,20.040000915527344,0.18000000715255737),(-15.39823055267334,20.040000915527344,0.019999999552965164),(-15.39823055267334,19.959999084472656,0.18000000715255737),(-15.39823055267334,19.959999084472656,0.019999999552965164),(-15.752212524414062,20.040000915527344,0.18000000715255737),(-15.752212524414062,20.040000915527344,0.019999999552965164),(-15.752212524414062,19.959999084472656,0.18000000715255737),(-15.752212524414062,19.959999084472656,0.019999999552965164),(-16.1061954498291,20.040000915527344,0.18000000715255737),(-16.1061954498291,20.040000915527344,0.019999999552965164),(-16.1061954498291,19.959999084472656,0.18000000715255737),(-16.1061954498291,19.959999084472656,0.019999999552965164),(-16.460176467895508,20.040000915527344,0.18000000715255737),(-16.460176467895508,20.040000915527344,0.019999999552965164),(-16.460176467895508,19.959999084472656,0.18000000715255737),(-16.460176467895508,19.959999084472656,0.019999999552965164),(-16.814159393310547,20.040000915527344,0.18000000715255737),(-16.814159393310547,20.040000915527344,0.019999999552965164),(-16.814159393310547,19.959999084472656,0.18000000715255737),(-16.814159393310547,19.959999084472656,0.019999999552965164),(-17.168142318725586,20.040000915527344,0.18000000715255737),(-17.168142318725586,20.040000915527344,0.019999999552965164),(-17.168142318725586,19.959999084472656,0.18000000715255737),(-17.168142318725586,19.959999084472656,0.019999999552965164),(-17.522123336791992,20.040000915527344,0.18000000715255737),(-17.522123336791992,20.040000915527344,0.019999999552965164),(-17.522123336791992,19.959999084472656,0.18000000715255737),(-17.522123336791992,19.959999084472656,0.019999999552965164),(-17.87610626220703,20.040000915527344,0.18000000715255737),(-17.87610626220703,20.040000915527344,0.019999999552965164),(-17.87610626220703,19.959999084472656,0.18000000715255737),(-17.87610626220703,19.959999084472656,0.019999999552965164),(-18.23008918762207,20.040000915527344,0.18000000715255737),(-18.23008918762207,20.040000915527344,0.019999999552965164),(-18.23008918762207,19.959999084472656,0.18000000715255737),(-18.23008918762207,19.959999084472656,0.019999999552965164),(-18.584070205688477,20.040000915527344,0.18000000715255737),(-18.584070205688477,20.040000915527344,0.019999999552965164),(-18.584070205688477,19.959999084472656,0.18000000715255737),(-18.584070205688477,19.959999084472656,0.019999999552965164),(-18.938053131103516,20.040000915527344,0.18000000715255737),(-18.938053131103516,20.040000915527344,0.019999999552965164),(-18.938053131103516,19.959999084472656,0.18000000715255737),(-18.938053131103516,19.959999084472656,0.019999999552965164),(-19.292036056518555,20.040000915527344,0.18000000715255737),(-19.292036056518555,20.040000915527344,0.019999999552965164),(-19.292036056518555,19.959999084472656,0.18000000715255737),(-19.292036056518555,19.959999084472656,0.019999999552965164),(-19.5238094329834,20.040000915527344,0.14000000059604645),(-19.5238094329834,20.040000915527344,0.10000000149011612),(-19.5238094329834,20.040000915527344,0.05999999865889549),(-19.5238094329834,19.959999084472656,0.14000000059604645),(-19.5238094329834,19.959999084472656,0.10000000149011612),(-19.5238094329834,19.959999084472656,0.05999999865889549),(-19.64601707458496,20.040000915527344,0.18000000715255737),(-19.64601707458496,20.040000915527344,0.019999999552965164),(-19.64601707458496,19.959999084472656,0.18000000715255737),(-19.64601707458496,19.959999084472656,0.019999999552965164),(-19.761905670166016,20.040000915527344,0.14000000059604645),(-19.761905670166016,20.040000915527344,0.10000000149011612),(-19.761905670166016,20.040000915527344,0.05999999865889549),(-19.761905670166016,19.959999084472656,0.14000000059604645),(-19.761905670166016,19.959999084472656,0.10000000149011612),(-19.761905670166016,19.959999084472656,0.05999999865889549),(-20.,20.040000915527344,0.18000000715255737),(-20.,20.040000915527344,0.10000000149011612),(-20.,20.040000915527344,0.019999999552965164),(-20.,19.959999084472656,0.18000000715255737),(-20.,19.959999084472656,0.10000000149011612),(-20.,19.959999084472656,0.019999999552965164)),$);
#655=IFCPOLYGONALFACESET(#654,.T.,(#656,#657,#658,#659,#660,#661,#662,#663,#664,#665,#666,#667,#668,#669,#670,#671,#672,#673,#674,#675,#676,#677,#678,#679,#680,#681,#682,#683,#684,#685,#686,#687,#688,#689,#690,#691,#692,#693,#694,#695,#696,#697,#698,#699,#700,#701,#702,#703,#704,#705,#706,#707,#708,#709,#710,#711,#712,#713,#714,#715,#716,#717,#718,#719,#720,#721,#722,#723,#724,#725,#726,#727,#728,#729,#730,#731,#732,#733,#734,#735,#736,#737,#738,#739,#740,#741,#742,#743,#744,#745,#746,#747,#748,#749,#750,#751,#752,#753,#754,#755,#756,#757,#758,#759,#760,#761,#762,#763,#764,#765,#766,#767,#768,#769,#770,#771,#772,#773,#774,#775,#776,#777,#778,#779,#780,#781,#782,#783,#784,#785,#786,#787,#788,#789,#790,#791,#792,#793,#794,#795,#796,#797,#798,#799,#800,#801,#802,#803,#804,#805,#806,#807,#808,#809,#810,#811,#812,#813,#814,#815,#816,#817,#818,#819,#820,#821,#822,#823,#824,#825,#826,#827,#828,#829,#830,#831,#832,#833,#834,#835,#836,#837,#838,#839,#840,#841,#842,#843,#844,#845,#846,#847,#848,#849,#850,#851,#852,#853,#854,#855,#856,#857,#858,#859,#860,#861,#862,#863,#864,#865,#866,#867,#868,#869,#870,#871,#872,#873,#874,#875,#876,#877,#878,#879,#880,#881,#882,#883,#884,#885,#886,#887,#888,#889,#890,#891,#892,#893,#894,#895,#896,#897,#898,#899,#900,#901,#902,#903,#904,#905,#906,#907,#908,#909,#910,#911,#912,#913,#914,#915,#916,#917,#918,#919,#920,#921,#922,#923,#924,#925,#926,#927,#928,#929,#930,#931,#932,#933,#934,#935,#936,#937,#938,#939,#940,#941,#942,#943,#944,#945,#946,#947,#948,#949,#950,#951,#952,#953,#954,#955,#956,#957,#958,#959,#960,#961,#962,#963,#964,#965,#966,#967,#968,#969,#970,#971,#972,#973,#974,#975,#976,#977,#978,#979,#980,#981,#982,#983,#984,#985,#986,#987,#988,#989,#990,#991,#992,#993,#994,#995,#996,#997,#998,#999,#1000,#1001,#1002,#1003,#1004,#1005,#1006,#1007,#1008,#1009,#1010,#1011,#1012,#1013,#1014,#1015,#1016,#1017,#1018,#1019,#1020,#1021,#1022,#1023,#1024,#1025,#1026,#1027,#1028,#1029,#1030,#1031,#1032,#1033,#1034,#1035,#1036,#1037,#1038,#1039,#1040,#1041,#1042,#1043,#1044,#1045,#1046,#1047,#1048,#1049,#1050,#1051,#1052,#1053,#1054,#1055,#1056,#1057,#1058,#1059,#1060,#1061,#1062,#1063,#1064,#1065,#1066,#1067,#1068,#1069,#1070,#1071,#1072,#1073,#1074,#1075,#1076,#1077,#1078,#1079,#1080,#1081,#1082,#1083,#1084,#1085,#1086,#1087,#1088,#1089,#1090,#1091,#1092,#1093,#1094,#1095,#1096,#1097,#1098,#1099,#1100,#1101,#1102,#1103,#1104,#1105,#1106,#1107,#1108,#1109,#1110,#1111,#1112,#1113,#1114,#1115,#1116,#1117,#1118,#1119,#1120,#1121,#1122,#1123,#1124,#1125,#1126,#1127,#1128,#1129,#1130,#1131,#1132,#1133,#1134,#1135,#1136,#1137,#1138,#1139,#1140,#1141,#1142,#1143,#1144,#1145,#1146,#1147,#1148,#1149,#1150,#1151,#1152,#1153,#1154,#1155,#1156,#1157,#1158,#1159,#1160,#1161,#1162,#1163),$);
#656=IFCINDEXEDPOLYGONALFACE((17,7,8,18));
#657=IFCINDEXEDPOLYGONALFACE((18,8,9,19));
#658=IFCINDEXEDPOLYGONALFACE((473,463,464,474));
#659=IFCINDEXEDPOLYGONALFACE((474,464,465,475));
#660=IFCINDEXEDPOLYGONALFACE((9,3,14));
#661=IFCINDEXEDPOLYGONALFACE((19,14,24));
#662=IFCINDEXEDPOLYGONALFACE((24,28,18));
#663=IFCINDEXEDPOLYGONALFACE((36,35,31,32));
#664=IFCINDEXEDPOLYGONALFACE((32,31,27,28));
#665=IFCINDEXEDPOLYGONALFACE((18,19,24));
#666=IFCINDEXEDPOLYGONALFACE((44,43,39,40));
#667=IFCINDEXEDPOLYGONALFACE((52,51,47,48));
#668=IFCINDEXEDPOLYGONALFACE((48,47,43,44));
#669=IFCINDEXEDPOLYGONALFACE((60,59,55,56));
#670=IFCINDEXEDPOLYGONALFACE((68,67,63,64));
#671=IFCINDEXEDPOLYGONALFACE((64,63,59,60));
#672=IFCINDEXEDPOLYGONALFACE((56,55,51,52));
#673=IFCINDEXEDPOLYGONALFACE((40,39,35,36));
#674=IFCINDEXEDPOLYGONALFACE((76,75,71,72));
#675=IFCINDEXEDPOLYGONALFACE((80,79,75,76));
#676=IFCINDEXEDPOLYGONALFACE((2,3,9,8));
#677=IFCINDEXEDPOLYGONALFACE((19,9,14));
#678=IFCINDEXEDPOLYGONALFACE((84,83,79,80));
#679=IFCINDEXEDPOLYGONALFACE((88,87,83,84));
#680=IFCINDEXEDPOLYGONALFACE((72,71,67,68));
#681=IFCINDEXEDPOLYGONALFACE((92,91,87,88));
#682=IFCINDEXEDPOLYGONALFACE((100,99,95,96));
#683=IFCINDEXEDPOLYGONALFACE((96,95,91,92));
#684=IFCINDEXEDPOLYGONALFACE((108,107,103,104));
#685=IFCINDEXEDPOLYGONALFACE((112,116,115,111));
#686=IFCINDEXEDPOLYGONALFACE((108,112,111,107));
#687=IFCINDEXEDPOLYGONALFACE((104,103,99,100));
#688=IFCINDEXEDPOLYGONALFACE((116,120,119,115));
#689=IFCINDEXEDPOLYGONALFACE((120,124,123,119));
#690=IFCINDEXEDPOLYGONALFACE((128,127,123,124));
#691=IFCINDEXEDPOLYGONALFACE((136,135,131,132));
#692=IFCINDEXEDPOLYGONALFACE((140,144,143,139));
#693=IFCINDEXEDPOLYGONALFACE((136,140,139,135));
#694=IFCINDEXEDPOLYGONALFACE((132,131,127,128));
#695=IFCINDEXEDPOLYGONALFACE((148,152,151,147));
#696=IFCINDEXEDPOLYGONALFACE((160,159,155,156));
#697=IFCINDEXEDPOLYGONALFACE((156,155,151,152));
#698=IFCINDEXEDPOLYGONALFACE((164,168,167,163));
#699=IFCINDEXEDPOLYGONALFACE((176,175,171,172));
#700=IFCINDEXEDPOLYGONALFACE((172,171,167,168));
#701=IFCINDEXEDPOLYGONALFACE((160,164,163,159));
#702=IFCINDEXEDPOLYGONALFACE((144,148,147,143));
#703=IFCINDEXEDPOLYGONALFACE((184,183,179,180));
#704=IFCINDEXEDPOLYGONALFACE((188,187,183,184));
#705=IFCINDEXEDPOLYGONALFACE((196,195,191,192));
#706=IFCINDEXEDPOLYGONALFACE((204,203,199,200));
#707=IFCINDEXEDPOLYGONALFACE((200,199,195,196));
#708=IFCINDEXEDPOLYGONALFACE((192,191,187,188));
#709=IFCINDEXEDPOLYGONALFACE((212,211,207,208));
#710=IFCINDEXEDPOLYGONALFACE((216,220,219,215));
#711=IFCINDEXEDPOLYGONALFACE((212,216,215,211));
#712=IFCINDEXEDPOLYGONALFACE((228,227,223,224));
#713=IFCINDEXEDPOLYGONALFACE((236,235,231,232));
#714=IFCINDEXEDPOLYGONALFACE((232,231,227,228));
#715=IFCINDEXEDPOLYGONALFACE((220,224,223,219));
#716=IFCINDEXEDPOLYGONALFACE((208,207,203,204));
#717=IFCINDEXEDPOLYGONALFACE((180,179,175,176));
#718=IFCINDEXEDPOLYGONALFACE((240,239,235,236));
#719=IFCINDEXEDPOLYGONALFACE((2,8,7));
#720=IFCINDEXEDPOLYGONALFACE((1,2,7));
#721=IFCINDEXEDPOLYGONALFACE((13,1,7));
#722=IFCINDEXEDPOLYGONALFACE((13,17,23));
#723=IFCINDEXEDPOLYGONALFACE((18,23,17));
#724=IFCINDEXEDPOLYGONALFACE((13,7,17));
#725=IFCINDEXEDPOLYGONALFACE((23,18,27));
#726=IFCINDEXEDPOLYGONALFACE((28,27,18));
#727=IFCINDEXEDPOLYGONALFACE((239,240,244,243));
#728=IFCINDEXEDPOLYGONALFACE((244,248,247,243));
#729=IFCINDEXEDPOLYGONALFACE((248,252,251,247));
#730=IFCINDEXEDPOLYGONALFACE((260,259,255,256));
#731=IFCINDEXEDPOLYGONALFACE((264,268,267,263));
#732=IFCINDEXEDPOLYGONALFACE((264,263,259,260));
#733=IFCINDEXEDPOLYGONALFACE((256,255,251,252));
#734=IFCINDEXEDPOLYGONALFACE((276,275,271,272));
#735=IFCINDEXEDPOLYGONALFACE((284,283,279,280));
#736=IFCINDEXEDPOLYGONALFACE((280,279,275,276));
#737=IFCINDEXEDPOLYGONALFACE((288,292,291,287));
#738=IFCINDEXEDPOLYGONALFACE((296,300,299,295));
#739=IFCINDEXEDPOLYGONALFACE((292,296,295,291));
#740=IFCINDEXEDPOLYGONALFACE((288,287,283,284));
#741=IFCINDEXEDPOLYGONALFACE((268,272,271,267));
#742=IFCINDEXEDPOLYGONALFACE((308,307,303,304));
#743=IFCINDEXEDPOLYGONALFACE((312,311,307,308));
#744=IFCINDEXEDPOLYGONALFACE((316,320,319,315));
#745=IFCINDEXEDPOLYGONALFACE((324,328,327,323));
#746=IFCINDEXEDPOLYGONALFACE((320,324,323,319));
#747=IFCINDEXEDPOLYGONALFACE((312,316,315,311));
#748=IFCINDEXEDPOLYGONALFACE((332,336,335,331));
#749=IFCINDEXEDPOLYGONALFACE((344,343,339,340));
#750=IFCINDEXEDPOLYGONALFACE((336,340,339,335));
#751=IFCINDEXEDPOLYGONALFACE((348,352,351,347));
#752=IFCINDEXEDPOLYGONALFACE((356,360,359,355));
#753=IFCINDEXEDPOLYGONALFACE((352,356,355,351));
#754=IFCINDEXEDPOLYGONALFACE((348,347,343,344));
#755=IFCINDEXEDPOLYGONALFACE((328,332,331,327));
#756=IFCINDEXEDPOLYGONALFACE((300,304,303,299));
#757=IFCINDEXEDPOLYGONALFACE((364,368,367,363));
#758=IFCINDEXEDPOLYGONALFACE((368,372,371,367));
#759=IFCINDEXEDPOLYGONALFACE((376,380,379,375));
#760=IFCINDEXEDPOLYGONALFACE((384,388,387,383));
#761=IFCINDEXEDPOLYGONALFACE((380,384,383,379));
#762=IFCINDEXEDPOLYGONALFACE((372,376,375,371));
#763=IFCINDEXEDPOLYGONALFACE((392,396,395,391));
#764=IFCINDEXEDPOLYGONALFACE((400,404,403,399));
#765=IFCINDEXEDPOLYGONALFACE((396,400,399,395));
#766=IFCINDEXEDPOLYGONALFACE((408,412,411,407));
#767=IFCINDEXEDPOLYGONALFACE((416,420,419,415));
#768=IFCINDEXEDPOLYGONALFACE((412,416,415,411));
#769=IFCINDEXEDPOLYGONALFACE((404,408,407,403));
#770=IFCINDEXEDPOLYGONALFACE((388,392,391,387));
#771=IFCINDEXEDPOLYGONALFACE((424,428,427,423));
#772=IFCINDEXEDPOLYGONALFACE((428,432,431,427));
#773=IFCINDEXEDPOLYGONALFACE((436,440,439,435));
#774=IFCINDEXEDPOLYGONALFACE((444,448,447,443));
#775=IFCINDEXEDPOLYGONALFACE((440,444,443,439));
#776=IFCINDEXEDPOLYGONALFACE((432,436,435,431));
#777=IFCINDEXEDPOLYGONALFACE((452,456,455,451));
#778=IFCINDEXEDPOLYGONALFACE((465,460,470));
#779=IFCINDEXEDPOLYGONALFACE((464,456,460));
#780=IFCINDEXEDPOLYGONALFACE((460,465,464));
#781=IFCINDEXEDPOLYGONALFACE((481,480,474,475));
#782=IFCINDEXEDPOLYGONALFACE((470,475,465));
#783=IFCINDEXEDPOLYGONALFACE((475,470,481));
#784=IFCINDEXEDPOLYGONALFACE((448,452,451,447));
#785=IFCINDEXEDPOLYGONALFACE((420,424,423,419));
#786=IFCINDEXEDPOLYGONALFACE((360,364,363,359));
#787=IFCINDEXEDPOLYGONALFACE((456,464,455));
#788=IFCINDEXEDPOLYGONALFACE((479,473,480));
#789=IFCINDEXEDPOLYGONALFACE((474,480,473));
#790=IFCINDEXEDPOLYGONALFACE((464,463,459));
#791=IFCINDEXEDPOLYGONALFACE((469,463,473));
#792=IFCINDEXEDPOLYGONALFACE((459,455,464));
#793=IFCINDEXEDPOLYGONALFACE((473,479,469));
#794=IFCINDEXEDPOLYGONALFACE((469,459,463));
#795=IFCINDEXEDPOLYGONALFACE((480,481,484,483));
#796=IFCINDEXEDPOLYGONALFACE((479,480,483,482));
#797=IFCINDEXEDPOLYGONALFACE((466,476,477,467));
#798=IFCINDEXEDPOLYGONALFACE((467,477,478,468));
#799=IFCINDEXEDPOLYGONALFACE((10,20,21,11));
#800=IFCINDEXEDPOLYGONALFACE((11,21,22,12));
#801=IFCINDEXEDPOLYGONALFACE((478,484,472));
#802=IFCINDEXEDPOLYGONALFACE((468,472,462));
#803=IFCINDEXEDPOLYGONALFACE((462,458,467));
#804=IFCINDEXEDPOLYGONALFACE((454,450,449,453));
#805=IFCINDEXEDPOLYGONALFACE((454,453,457,458));
#806=IFCINDEXEDPOLYGONALFACE((467,468,462));
#807=IFCINDEXEDPOLYGONALFACE((446,442,441,445));
#808=IFCINDEXEDPOLYGONALFACE((434,433,437,438));
#809=IFCINDEXEDPOLYGONALFACE((442,438,437,441));
#810=IFCINDEXEDPOLYGONALFACE((426,425,429,430));
#811=IFCINDEXEDPOLYGONALFACE((422,418,417,421));
#812=IFCINDEXEDPOLYGONALFACE((422,421,425,426));
#813=IFCINDEXEDPOLYGONALFACE((430,429,433,434));
#814=IFCINDEXEDPOLYGONALFACE((450,446,445,449));
#815=IFCINDEXEDPOLYGONALFACE((414,410,409,413));
#816=IFCINDEXEDPOLYGONALFACE((406,405,409,410));
#817=IFCINDEXEDPOLYGONALFACE((483,484,478,477));
#818=IFCINDEXEDPOLYGONALFACE((468,478,472));
#819=IFCINDEXEDPOLYGONALFACE((406,402,401,405));
#820=IFCINDEXEDPOLYGONALFACE((402,398,397,401));
#821=IFCINDEXEDPOLYGONALFACE((418,414,413,417));
#822=IFCINDEXEDPOLYGONALFACE((394,393,397,398));
#823=IFCINDEXEDPOLYGONALFACE((390,386,385,389));
#824=IFCINDEXEDPOLYGONALFACE((394,390,389,393));
#825=IFCINDEXEDPOLYGONALFACE((382,378,377,381));
#826=IFCINDEXEDPOLYGONALFACE((374,370,369,373));
#827=IFCINDEXEDPOLYGONALFACE((378,374,373,377));
#828=IFCINDEXEDPOLYGONALFACE((386,382,381,385));
#829=IFCINDEXEDPOLYGONALFACE((370,366,365,369));
#830=IFCINDEXEDPOLYGONALFACE((366,362,361,365));
#831=IFCINDEXEDPOLYGONALFACE((362,358,357,361));
#832=IFCINDEXEDPOLYGONALFACE((354,350,349,353));
#833=IFCINDEXEDPOLYGONALFACE((342,341,345,346));
#834=IFCINDEXEDPOLYGONALFACE((346,345,349,350));
#835=IFCINDEXEDPOLYGONALFACE((358,354,353,357));
#836=IFCINDEXEDPOLYGONALFACE((334,333,337,338));
#837=IFCINDEXEDPOLYGONALFACE((330,326,325,329));
#838=IFCINDEXEDPOLYGONALFACE((334,330,329,333));
#839=IFCINDEXEDPOLYGONALFACE((322,318,317,321));
#840=IFCINDEXEDPOLYGONALFACE((314,310,309,313));
#841=IFCINDEXEDPOLYGONALFACE((318,314,313,317));
#842=IFCINDEXEDPOLYGONALFACE((322,321,325,326));
#843=IFCINDEXEDPOLYGONALFACE((338,337,341,342));
#844=IFCINDEXEDPOLYGONALFACE((302,301,305,306));
#845=IFCINDEXEDPOLYGONALFACE((302,298,297,301));
#846=IFCINDEXEDPOLYGONALFACE((294,290,289,293));
#847=IFCINDEXEDPOLYGONALFACE((282,281,285,286));
#848=IFCINDEXEDPOLYGONALFACE((290,286,285,289));
#849=IFCINDEXEDPOLYGONALFACE((298,294,293,297));
#850=IFCINDEXEDPOLYGONALFACE((274,273,277,278));
#851=IFCINDEXEDPOLYGONALFACE((266,265,269,270));
#852=IFCINDEXEDPOLYGONALFACE((270,269,273,274));
#853=IFCINDEXEDPOLYGONALFACE((258,257,261,262));
#854=IFCINDEXEDPOLYGONALFACE((250,249,253,254));
#855=IFCINDEXEDPOLYGONALFACE((254,253,257,258));
#856=IFCINDEXEDPOLYGONALFACE((262,261,265,266));
#857=IFCINDEXEDPOLYGONALFACE((278,277,281,282));
#858=IFCINDEXEDPOLYGONALFACE((306,305,309,310));
#859=IFCINDEXEDPOLYGONALFACE((246,245,249,250));
#860=IFCINDEXEDPOLYGONALFACE((483,477,476));
#861=IFCINDEXEDPOLYGONALFACE((482,483,476));
#862=IFCINDEXEDPOLYGONALFACE((471,482,476));
#863=IFCINDEXEDPOLYGONALFACE((471,466,461));
#864=IFCINDEXEDPOLYGONALFACE((467,461,466));
#865=IFCINDEXEDPOLYGONALFACE((471,476,466));
#866=IFCINDEXEDPOLYGONALFACE((461,467,457));
#867=IFCINDEXEDPOLYGONALFACE((458,457,467));
#868=IFCINDEXEDPOLYGONALFACE((245,246,242,241));
#869=IFCINDEXEDPOLYGONALFACE((238,237,241,242));
#870=IFCINDEXEDPOLYGONALFACE((234,233,237,238));
#871=IFCINDEXEDPOLYGONALFACE((226,225,229,230));
#872=IFCINDEXEDPOLYGONALFACE((218,217,221,222));
#873=IFCINDEXEDPOLYGONALFACE((222,221,225,226));
#874=IFCINDEXEDPOLYGONALFACE((230,229,233,234));
#875=IFCINDEXEDPOLYGONALFACE((210,209,213,214));
#876=IFCINDEXEDPOLYGONALFACE((202,201,205,206));
#877=IFCINDEXEDPOLYGONALFACE((206,205,209,210));
#878=IFCINDEXEDPOLYGONALFACE((194,193,197,198));
#879=IFCINDEXEDPOLYGONALFACE((186,185,189,190));
#880=IFCINDEXEDPOLYGONALFACE((190,189,193,194));
#881=IFCINDEXEDPOLYGONALFACE((198,197,201,202));
#882=IFCINDEXEDPOLYGONALFACE((214,213,217,218));
#883=IFCINDEXEDPOLYGONALFACE((178,177,181,182));
#884=IFCINDEXEDPOLYGONALFACE((174,173,177,178));
#885=IFCINDEXEDPOLYGONALFACE((166,165,169,170));
#886=IFCINDEXEDPOLYGONALFACE((158,157,161,162));
#887=IFCINDEXEDPOLYGONALFACE((162,161,165,166));
#888=IFCINDEXEDPOLYGONALFACE((170,169,173,174));
#889=IFCINDEXEDPOLYGONALFACE((150,149,153,154));
#890=IFCINDEXEDPOLYGONALFACE((142,141,145,146));
#891=IFCINDEXEDPOLYGONALFACE((146,145,149,150));
#892=IFCINDEXEDPOLYGONALFACE((134,133,137,138));
#893=IFCINDEXEDPOLYGONALFACE((126,125,129,130));
#894=IFCINDEXEDPOLYGONALFACE((130,129,133,134));
#895=IFCINDEXEDPOLYGONALFACE((138,137,141,142));
#896=IFCINDEXEDPOLYGONALFACE((154,153,157,158));
#897=IFCINDEXEDPOLYGONALFACE((182,181,185,186));
#898=IFCINDEXEDPOLYGONALFACE((118,117,121,122));
#899=IFCINDEXEDPOLYGONALFACE((114,113,117,118));
#900=IFCINDEXEDPOLYGONALFACE((106,105,109,110));
#901=IFCINDEXEDPOLYGONALFACE((98,97,101,102));
#902=IFCINDEXEDPOLYGONALFACE((102,101,105,106));
#903=IFCINDEXEDPOLYGONALFACE((110,109,113,114));
#904=IFCINDEXEDPOLYGONALFACE((90,89,93,94));
#905=IFCINDEXEDPOLYGONALFACE((82,81,85,86));
#906=IFCINDEXEDPOLYGONALFACE((86,85,89,90));
#907=IFCINDEXEDPOLYGONALFACE((74,73,77,78));
#908=IFCINDEXEDPOLYGONALFACE((66,65,69,70));
#909=IFCINDEXEDPOLYGONALFACE((70,69,73,74));
#910=IFCINDEXEDPOLYGONALFACE((78,77,81,82));
#911=IFCINDEXEDPOLYGONALFACE((94,93,97,98));
#912=IFCINDEXEDPOLYGONALFACE((58,57,61,62));
#913=IFCINDEXEDPOLYGONALFACE((54,53,57,58));
#914=IFCINDEXEDPOLYGONALFACE((46,45,49,50));
#915=IFCINDEXEDPOLYGONALFACE((38,37,41,42));
#916=IFCINDEXEDPOLYGONALFACE((42,41,45,46));
#917=IFCINDEXEDPOLYGONALFACE((50,49,53,54));
#918=IFCINDEXEDPOLYGONALFACE((30,29,33,34));
#919=IFCINDEXEDPOLYGONALFACE((22,26,16));
#920=IFCINDEXEDPOLYGONALFACE((21,30,26));
#921=IFCINDEXEDPOLYGONALFACE((26,22,21));
#922=IFCINDEXEDPOLYGONALFACE((6,5,11,12));
#923=IFCINDEXEDPOLYGONALFACE((16,12,22));
#924=IFCINDEXEDPOLYGONALFACE((12,16,6));
#925=IFCINDEXEDPOLYGONALFACE((34,33,37,38));
#926=IFCINDEXEDPOLYGONALFACE((62,61,65,66));
#927=IFCINDEXEDPOLYGONALFACE((122,121,125,126));
#928=IFCINDEXEDPOLYGONALFACE((30,21,29));
#929=IFCINDEXEDPOLYGONALFACE((4,10,5));
#930=IFCINDEXEDPOLYGONALFACE((11,5,10));
#931=IFCINDEXEDPOLYGONALFACE((21,20,25));
#932=IFCINDEXEDPOLYGONALFACE((15,20,10));
#933=IFCINDEXEDPOLYGONALFACE((25,29,21));
#934=IFCINDEXEDPOLYGONALFACE((10,4,15));
#935=IFCINDEXEDPOLYGONALFACE((15,25,20));
#936=IFCINDEXEDPOLYGONALFACE((5,6,3,2));
#937=IFCINDEXEDPOLYGONALFACE((4,5,2,1));
#938=IFCINDEXEDPOLYGONALFACE((472,484,481,470));
#939=IFCINDEXEDPOLYGONALFACE((472,470,460,462));
#940=IFCINDEXEDPOLYGONALFACE((454,458,456,452));
#941=IFCINDEXEDPOLYGONALFACE((450,448,444,446));
#942=IFCINDEXEDPOLYGONALFACE((454,452,448,450));
#943=IFCINDEXEDPOLYGONALFACE((462,460,456,458));
#944=IFCINDEXEDPOLYGONALFACE((442,440,436,438));
#945=IFCINDEXEDPOLYGONALFACE((438,436,432,434));
#946=IFCINDEXEDPOLYGONALFACE((430,428,424,426));
#947=IFCINDEXEDPOLYGONALFACE((422,420,416,418));
#948=IFCINDEXEDPOLYGONALFACE((426,424,420,422));
#949=IFCINDEXEDPOLYGONALFACE((430,434,432,428));
#950=IFCINDEXEDPOLYGONALFACE((442,446,444,440));
#951=IFCINDEXEDPOLYGONALFACE((414,412,408,410));
#952=IFCINDEXEDPOLYGONALFACE((406,410,408,404));
#953=IFCINDEXEDPOLYGONALFACE((398,402,400,396));
#954=IFCINDEXEDPOLYGONALFACE((394,392,388,390));
#955=IFCINDEXEDPOLYGONALFACE((394,398,396,392));
#956=IFCINDEXEDPOLYGONALFACE((402,406,404,400));
#957=IFCINDEXEDPOLYGONALFACE((386,384,380,382));
#958=IFCINDEXEDPOLYGONALFACE((382,380,376,378));
#959=IFCINDEXEDPOLYGONALFACE((374,372,368,370));
#960=IFCINDEXEDPOLYGONALFACE((366,364,360,362));
#961=IFCINDEXEDPOLYGONALFACE((370,368,364,366));
#962=IFCINDEXEDPOLYGONALFACE((378,376,372,374));
#963=IFCINDEXEDPOLYGONALFACE((390,388,384,386));
#964=IFCINDEXEDPOLYGONALFACE((418,416,412,414));
#965=IFCINDEXEDPOLYGONALFACE((358,356,352,354));
#966=IFCINDEXEDPOLYGONALFACE((354,352,348,350));
#967=IFCINDEXEDPOLYGONALFACE((346,344,340,342));
#968=IFCINDEXEDPOLYGONALFACE((334,338,336,332));
#969=IFCINDEXEDPOLYGONALFACE((338,342,340,336));
#970=IFCINDEXEDPOLYGONALFACE((350,348,344,346));
#971=IFCINDEXEDPOLYGONALFACE((330,328,324,326));
#972=IFCINDEXEDPOLYGONALFACE((326,324,320,322));
#973=IFCINDEXEDPOLYGONALFACE((318,316,312,314));
#974=IFCINDEXEDPOLYGONALFACE((310,308,304,306));
#975=IFCINDEXEDPOLYGONALFACE((310,314,312,308));
#976=IFCINDEXEDPOLYGONALFACE((322,320,316,318));
#977=IFCINDEXEDPOLYGONALFACE((334,332,328,330));
#978=IFCINDEXEDPOLYGONALFACE((302,300,296,298));
#979=IFCINDEXEDPOLYGONALFACE((298,296,292,294));
#980=IFCINDEXEDPOLYGONALFACE((290,288,284,286));
#981=IFCINDEXEDPOLYGONALFACE((282,280,276,278));
#982=IFCINDEXEDPOLYGONALFACE((286,284,280,282));
#983=IFCINDEXEDPOLYGONALFACE((294,292,288,290));
#984=IFCINDEXEDPOLYGONALFACE((270,274,272,268));
#985=IFCINDEXEDPOLYGONALFACE((266,264,260,262));
#986=IFCINDEXEDPOLYGONALFACE((270,268,264,266));
#987=IFCINDEXEDPOLYGONALFACE((258,256,252,254));
#988=IFCINDEXEDPOLYGONALFACE((250,248,244,246));
#989=IFCINDEXEDPOLYGONALFACE((250,254,252,248));
#990=IFCINDEXEDPOLYGONALFACE((262,260,256,258));
#991=IFCINDEXEDPOLYGONALFACE((278,276,272,274));
#992=IFCINDEXEDPOLYGONALFACE((306,304,300,302));
#993=IFCINDEXEDPOLYGONALFACE((362,360,356,358));
#994=IFCINDEXEDPOLYGONALFACE((246,244,240,242));
#995=IFCINDEXEDPOLYGONALFACE((242,240,236,238));
#996=IFCINDEXEDPOLYGONALFACE((238,236,232,234));
#997=IFCINDEXEDPOLYGONALFACE((226,230,228,224));
#998=IFCINDEXEDPOLYGONALFACE((222,220,216,218));
#999=IFCINDEXEDPOLYGONALFACE((222,226,224,220));
#1000=IFCINDEXEDPOLYGONALFACE((230,234,232,228));
#1001=IFCINDEXEDPOLYGONALFACE((214,212,208,210));
#1002=IFCINDEXEDPOLYGONALFACE((210,208,204,206));
#1003=IFCINDEXEDPOLYGONALFACE((202,200,196,198));
#1004=IFCINDEXEDPOLYGONALFACE((194,192,188,190));
#1005=IFCINDEXEDPOLYGONALFACE((198,196,192,194));
#1006=IFCINDEXEDPOLYGONALFACE((206,204,200,202));
#1007=IFCINDEXEDPOLYGONALFACE((218,216,212,214));
#1008=IFCINDEXEDPOLYGONALFACE((182,186,184,180));
#1009=IFCINDEXEDPOLYGONALFACE((178,182,180,176));
#1010=IFCINDEXEDPOLYGONALFACE((174,172,168,170));
#1011=IFCINDEXEDPOLYGONALFACE((166,164,160,162));
#1012=IFCINDEXEDPOLYGONALFACE((170,168,164,166));
#1013=IFCINDEXEDPOLYGONALFACE((174,178,176,172));
#1014=IFCINDEXEDPOLYGONALFACE((154,158,156,152));
#1015=IFCINDEXEDPOLYGONALFACE((150,154,152,148));
#1016=IFCINDEXEDPOLYGONALFACE((146,144,140,142));
#1017=IFCINDEXEDPOLYGONALFACE((138,136,132,134));
#1018=IFCINDEXEDPOLYGONALFACE((142,140,136,138));
#1019=IFCINDEXEDPOLYGONALFACE((146,150,148,144));
#1020=IFCINDEXEDPOLYGONALFACE((162,160,156,158));
#1021=IFCINDEXEDPOLYGONALFACE((190,188,184,186));
#1022=IFCINDEXEDPOLYGONALFACE((130,128,124,126));
#1023=IFCINDEXEDPOLYGONALFACE((126,124,120,122));
#1024=IFCINDEXEDPOLYGONALFACE((114,118,116,112));
#1025=IFCINDEXEDPOLYGONALFACE((110,108,104,106));
#1026=IFCINDEXEDPOLYGONALFACE((114,112,108,110));
#1027=IFCINDEXEDPOLYGONALFACE((118,122,120,116));
#1028=IFCINDEXEDPOLYGONALFACE((102,100,96,98));
#1029=IFCINDEXEDPOLYGONALFACE((98,96,92,94));
#1030=IFCINDEXEDPOLYGONALFACE((90,88,84,86));
#1031=IFCINDEXEDPOLYGONALFACE((78,82,80,76));
#1032=IFCINDEXEDPOLYGONALFACE((86,84,80,82));
#1033=IFCINDEXEDPOLYGONALFACE((94,92,88,90));
#1034=IFCINDEXEDPOLYGONALFACE((106,104,100,102));
#1035=IFCINDEXEDPOLYGONALFACE((70,74,72,68));
#1036=IFCINDEXEDPOLYGONALFACE((66,70,68,64));
#1037=IFCINDEXEDPOLYGONALFACE((58,62,60,56));
#1038=IFCINDEXEDPOLYGONALFACE((50,54,52,48));
#1039=IFCINDEXEDPOLYGONALFACE((54,58,56,52));
#1040=IFCINDEXEDPOLYGONALFACE((62,66,64,60));
#1041=IFCINDEXEDPOLYGONALFACE((42,46,44,40));
#1042=IFCINDEXEDPOLYGONALFACE((38,36,32,34));
#1043=IFCINDEXEDPOLYGONALFACE((42,40,36,38));
#1044=IFCINDEXEDPOLYGONALFACE((26,30,28,24));
#1045=IFCINDEXEDPOLYGONALFACE((16,14,3,6));
#1046=IFCINDEXEDPOLYGONALFACE((26,24,14,16));
#1047=IFCINDEXEDPOLYGONALFACE((30,34,32,28));
#1048=IFCINDEXEDPOLYGONALFACE((46,50,48,44));
#1049=IFCINDEXEDPOLYGONALFACE((74,78,76,72));
#1050=IFCINDEXEDPOLYGONALFACE((134,132,128,130));
#1051=IFCINDEXEDPOLYGONALFACE((471,469,479,482));
#1052=IFCINDEXEDPOLYGONALFACE((471,461,459,469));
#1053=IFCINDEXEDPOLYGONALFACE((453,451,455,457));
#1054=IFCINDEXEDPOLYGONALFACE((449,445,443,447));
#1055=IFCINDEXEDPOLYGONALFACE((453,449,447,451));
#1056=IFCINDEXEDPOLYGONALFACE((461,457,455,459));
#1057=IFCINDEXEDPOLYGONALFACE((441,437,435,439));
#1058=IFCINDEXEDPOLYGONALFACE((437,433,431,435));
#1059=IFCINDEXEDPOLYGONALFACE((429,425,423,427));
#1060=IFCINDEXEDPOLYGONALFACE((421,417,415,419));
#1061=IFCINDEXEDPOLYGONALFACE((425,421,419,423));
#1062=IFCINDEXEDPOLYGONALFACE((429,427,431,433));
#1063=IFCINDEXEDPOLYGONALFACE((441,439,443,445));
#1064=IFCINDEXEDPOLYGONALFACE((413,409,407,411));
#1065=IFCINDEXEDPOLYGONALFACE((405,403,407,409));
#1066=IFCINDEXEDPOLYGONALFACE((397,395,399,401));
#1067=IFCINDEXEDPOLYGONALFACE((393,389,387,391));
#1068=IFCINDEXEDPOLYGONALFACE((393,391,395,397));
#1069=IFCINDEXEDPOLYGONALFACE((401,399,403,405));
#1070=IFCINDEXEDPOLYGONALFACE((385,381,379,383));
#1071=IFCINDEXEDPOLYGONALFACE((381,377,375,379));
#1072=IFCINDEXEDPOLYGONALFACE((373,369,367,371));
#1073=IFCINDEXEDPOLYGONALFACE((365,361,359,363));
#1074=IFCINDEXEDPOLYGONALFACE((369,365,363,367));
#1075=IFCINDEXEDPOLYGONALFACE((377,373,371,375));
#1076=IFCINDEXEDPOLYGONALFACE((389,385,383,387));
#1077=IFCINDEXEDPOLYGONALFACE((417,413,411,415));
#1078=IFCINDEXEDPOLYGONALFACE((357,353,351,355));
#1079=IFCINDEXEDPOLYGONALFACE((353,349,347,351));
#1080=IFCINDEXEDPOLYGONALFACE((345,341,339,343));
#1081=IFCINDEXEDPOLYGONALFACE((333,331,335,337));
#1082=IFCINDEXEDPOLYGONALFACE((337,335,339,341));
#1083=IFCINDEXEDPOLYGONALFACE((349,345,343,347));
#1084=IFCINDEXEDPOLYGONALFACE((329,325,323,327));
#1085=IFCINDEXEDPOLYGONALFACE((325,321,319,323));
#1086=IFCINDEXEDPOLYGONALFACE((317,313,311,315));
#1087=IFCINDEXEDPOLYGONALFACE((309,305,303,307));
#1088=IFCINDEXEDPOLYGONALFACE((309,307,311,313));
#1089=IFCINDEXEDPOLYGONALFACE((321,317,315,319));
#1090=IFCINDEXEDPOLYGONALFACE((333,329,327,331));
#1091=IFCINDEXEDPOLYGONALFACE((301,297,295,299));
#1092=IFCINDEXEDPOLYGONALFACE((297,293,291,295));
#1093=IFCINDEXEDPOLYGONALFACE((289,285,283,287));
#1094=IFCINDEXEDPOLYGONALFACE((281,277,275,279));
#1095=IFCINDEXEDPOLYGONALFACE((285,281,279,283));
#1096=IFCINDEXEDPOLYGONALFACE((293,289,287,291));
#1097=IFCINDEXEDPOLYGONALFACE((269,267,271,273));
#1098=IFCINDEXEDPOLYGONALFACE((265,261,259,263));
#1099=IFCINDEXEDPOLYGONALFACE((269,265,263,267));
#1100=IFCINDEXEDPOLYGONALFACE((257,253,251,255));
#1101=IFCINDEXEDPOLYGONALFACE((249,245,243,247));
#1102=IFCINDEXEDPOLYGONALFACE((249,247,251,253));
#1103=IFCINDEXEDPOLYGONALFACE((261,257,255,259));
#1104=IFCINDEXEDPOLYGONALFACE((277,273,271,275));
#1105=IFCINDEXEDPOLYGONALFACE((305,301,299,303));
#1106=IFCINDEXEDPOLYGONALFACE((361,357,355,359));
#1107=IFCINDEXEDPOLYGONALFACE((245,241,239,243));
#1108=IFCINDEXEDPOLYGONALFACE((241,237,235,239));
#1109=IFCINDEXEDPOLYGONALFACE((237,233,231,235));
#1110=IFCINDEXEDPOLYGONALFACE((225,223,227,229));
#1111=IFCINDEXEDPOLYGONALFACE((221,217,215,219));
#1112=IFCINDEXEDPOLYGONALFACE((221,219,223,225));
#1113=IFCINDEXEDPOLYGONALFACE((229,227,231,233));
#1114=IFCINDEXEDPOLYGONALFACE((213,209,207,211));
#1115=IFCINDEXEDPOLYGONALFACE((209,205,203,207));
#1116=IFCINDEXEDPOLYGONALFACE((201,197,195,199));
#1117=IFCINDEXEDPOLYGONALFACE((193,189,187,191));
#1118=IFCINDEXEDPOLYGONALFACE((197,193,191,195));
#1119=IFCINDEXEDPOLYGONALFACE((205,201,199,203));
#1120=IFCINDEXEDPOLYGONALFACE((217,213,211,215));
#1121=IFCINDEXEDPOLYGONALFACE((181,179,183,185));
#1122=IFCINDEXEDPOLYGONALFACE((177,175,179,181));
#1123=IFCINDEXEDPOLYGONALFACE((173,169,167,171));
#1124=IFCINDEXEDPOLYGONALFACE((165,161,159,163));
#1125=IFCINDEXEDPOLYGONALFACE((169,165,163,167));
#1126=IFCINDEXEDPOLYGONALFACE((173,171,175,177));
#1127=IFCINDEXEDPOLYGONALFACE((153,151,155,157));
#1128=IFCINDEXEDPOLYGONALFACE((149,147,151,153));
#1129=IFCINDEXEDPOLYGONALFACE((145,141,139,143));
#1130=IFCINDEXEDPOLYGONALFACE((137,133,131,135));
#1131=IFCINDEXEDPOLYGONALFACE((141,137,135,139));
#1132=IFCINDEXEDPOLYGONALFACE((145,143,147,149));
#1133=IFCINDEXEDPOLYGONALFACE((161,157,155,159));
#1134=IFCINDEXEDPOLYGONALFACE((189,185,183,187));
#1135=IFCINDEXEDPOLYGONALFACE((129,125,123,127));
#1136=IFCINDEXEDPOLYGONALFACE((125,121,119,123));
#1137=IFCINDEXEDPOLYGONALFACE((113,111,115,117));
#1138=IFCINDEXEDPOLYGONALFACE((109,105,103,107));
#1139=IFCINDEXEDPOLYGONALFACE((113,109,107,111));
#1140=IFCINDEXEDPOLYGONALFACE((117,115,119,121));
#1141=IFCINDEXEDPOLYGONALFACE((101,97,95,99));
#1142=IFCINDEXEDPOLYGONALFACE((97,93,91,95));
#1143=IFCINDEXEDPOLYGONALFACE((89,85,83,87));
#1144=IFCINDEXEDPOLYGONALFACE((77,75,79,81));
#1145=IFCINDEXEDPOLYGONALFACE((85,81,79,83));
#1146=IFCINDEXEDPOLYGONALFACE((93,89,87,91));
#1147=IFCINDEXEDPOLYGONALFACE((105,101,99,103));
#1148=IFCINDEXEDPOLYGONALFACE((69,67,71,73));
#1149=IFCINDEXEDPOLYGONALFACE((65,63,67,69));
#1150=IFCINDEXEDPOLYGONALFACE((57,55,59,61));
#1151=IFCINDEXEDPOLYGONALFACE((49,47,51,53));
#1152=IFCINDEXEDPOLYGONALFACE((53,51,55,57));
#1153=IFCINDEXEDPOLYGONALFACE((61,59,63,65));
#1154=IFCINDEXEDPOLYGONALFACE((41,39,43,45));
#1155=IFCINDEXEDPOLYGONALFACE((37,33,31,35));
#1156=IFCINDEXEDPOLYGONALFACE((41,37,35,39));
#1157=IFCINDEXEDPOLYGONALFACE((25,23,27,29));
#1158=IFCINDEXEDPOLYGONALFACE((15,4,1,13));
#1159=IFCINDEXEDPOLYGONALFACE((25,15,13,23));
#1160=IFCINDEXEDPOLYGONALFACE((29,27,31,33));
#1161=IFCINDEXEDPOLYGONALFACE((45,43,47,49));
#1162=IFCINDEXEDPOLYGONALFACE((73,71,75,77));
#1163=IFCINDEXEDPOLYGONALFACE((133,129,127,131));
#1164=IFCSHAPEREPRESENTATION(#473,'Body','Tessellation',(#655));
#1165=IFCPRODUCTDEFINITIONSHAPE($,$,(#1164));
#1166=IFCRELCONTAINEDINSPATIALSTRUCTURE('3j5hAPcdvNreQlyiJzJyXv',$,$,$,(#650),#646);
#1167=IFCRELAGGREGATES('1N6Z6y1qfSKOSVzE8iZFEN',$,$,$,#642,(#646));
#1168=IFCMARINEFACILITY('0PI8V2awzIzftWoLQamVrj',$,'Quay',$,$,#1169,$,$,.ELEMENT.,$);
#1169=IFCLOCALPLACEMENT(#11,#1170);
#1170=IFCAXIS2PLACEMENT3D(#1171,$,$);
#1171=IFCCARTESIANPOINT((0.,0.,0.));
#1172=IFCKERB('04CgDlTUDVOAjmtzjMBuzR',$,'Quay edge',$,$,#1173,#1299,$,$);
#1173=IFCLOCALPLACEMENT(#1169,#1174);
#1174=IFCAXIS2PLACEMENT3D(#1175,$,$);
#1175=IFCCARTESIANPOINT((0.,0.,0.));
#1176=IFCCARTESIANPOINTLIST3D(((20.,35.29999923706055,1.),(20.,35.29999923706055,0.5),(20.,35.29999923706055,0.),(20.,34.70000076293945,1.),(20.,34.70000076293945,0.5),(20.,34.70000076293945,0.),(18.571428298950195,35.29999923706055,0.75),(18.571428298950195,35.29999923706055,0.5),(18.571428298950195,35.29999923706055,0.25),(18.571428298950195,34.70000076293945,0.75),(18.571428298950195,34.70000076293945,0.5),(18.571428298950195,34.70000076293945,0.25),(17.5,35.29999923706055,1.),(17.5,35.29999923706055,0.),(17.5,34.70000076293945,1.),(17.5,34.70000076293945,0.),(17.14285659790039,35.29999923706055,0.75),(17.14285659790039,35.29999923706055,0.5),(17.14285659790039,35.29999923706055,0.25),(17.14285659790039,34.70000076293945,0.75),(17.14285659790039,34.70000076293945,0.5),(17.14285659790039,34.70000076293945,0.25),(15.,35.29999923706055,1.),(15.,35.29999923706055,0.),(15.,34.70000076293945,1.),(15.,34.70000076293945,0.),(12.5,35.29999923706055,1.),(12.5,35.29999923706055,0.),(12.5,34.70000076293945,1.),(12.5,34.70000076293945,0.),(10.,35.29999923706055,1.),(10.,35.29999923706055,0.),(10.,34.70000076293945,1.),(10.,34.70000076293945,0.),(7.5,35.29999923706055,1.),(7.5,35.29999923706055,0.),(7.5,34.70000076293945,1.),(7.5,34.70000076293945,0.),(5.,35.29999923706055,1.),(5.,35.29999923706055,0.),(5.,34.70000076293945,1.),(5.,34.70000076293945,0.),(2.5,35.29999923706055,1.),(2.5,35.29999923706055,0.),(2.5,34.70000076293945,1.),(2.5,34.70000076293945,0.),(0.,35.29999923706055,1.),(0.,35.29999923706055,0.),(0.,34.70000076293945,1.),(0.,34.70000076293945,0.),(-2.5,35.29999923706055,1.),(-2.5,35.29999923706055,0.),(-2.5,34.70000076293945,1.),(-2.5,34.70000076293945,0.),(-5.,35.29999923706055,1.),(-5.,35.29999923706055,0.),(-5.,34.70000076293945,1.),(-5.,34.70000076293945,0.),(-7.5,35.29999923706055,1.),(-7.5,35.29999923706055,0.),(-7.5,34.70000076293945,1.),(-7.5,34.70000076293945,0.),(-10.,35.29999923706055,1.),(-10.,35.29999923706055,0.),(-10.,34.70000076293945,1.),(-10.,34.70000076293945,0.),(-12.5,35.29999923706055,1.),(-12.5,35.29999923706055,0.),(-12.5,34.70000076293945,1.),(-12.5,34.70000076293945,0.),(-15.,35.29999923706055,1.),(-15.,35.29999923706055,0.),(-15.,34.70000076293945,1.),(-15.,34.70000076293945,0.),(-17.14285659790039,35.29999923706055,0.75),(-17.14285659790039,35.29999923706055,0.5),(-17.14285659790039,35.29999923706055,0.25),(-17.14285659790039,34.70000076293945,0.75),(-17.14285659790039,34.70000076293945,0.5),(-17.14285659790039,34.70000076293945,0.25),(-17.5,35.29999923706055,1.),(-17.5,35.29999923706055,0.),(-17.5,34.70000076293945,1.),(-17.5,34.70000076293945,0.),(-18.571428298950195,35.29999923706055,0.75),(-18.571428298950195,35.29999923706055,0.5),(-18.571428298950195,35.29999923706055,0.25),(-18.571428298950195,34.70000076293945,0.75),(-18.571428298950195,34.70000076293945,0.5),(-18.571428298950195,34.70000076293945,0.25),(-20.,35.29999923706055,1.),(-20.,35.29999923706055,0.5),(-20.,35.29999923706055,0.),(-20.,34.70000076293945,1.),(-20.,34.70000076293945,0.5),(-20.,34.70000076293945,0.)),$);
#1177=IFCPOLYGONALFACESET(#1176,.T.,(#1178,#1179,#1180,#1181,#1182,#1183,#1184,#1185,#1186,#1187,#1188,#1189,#1190,#1191,#1192,#1193,#1194,#1195,#1196,#1197,#1198,#1199,#1200,#1201,#1202,#1203,#1204,#1205,#1206,#1207,#1208,#1209,#1210,#1211,#1212,#1213,#1214,#1215,#1216,#1217,#1218,#1219,#1220,#1221,#1222,#1223,#1224,#1225,#1226,#1227,#1228,#1229,#1230,#1231,#1232,#1233,#1234,#1235,#1236,#1237,#1238,#1239,#1240,#1241,#1242,#1243,#1244,#1245,#1246,#1247,#1248,#1249,#1250,#1251,#1252,#1253,#1254,#1255,#1256,#1257,#1258,#1259,#1260,#1261,#1262,#1263,#1264,#1265,#1266,#1267,#1268,#1269,#1270,#1271,#1272,#1273,#1274,#1275,#1276,#1277,#1278,#1279,#1280,#1281,#1282,#1283,#1284,#1285,#1286,#1287,#1288,#1289,#1290,#1291,#1292,#1293,#1294,#1295,#1296,#1297),$);
#1178=IFCINDEXEDPOLYGONALFACE((17,7,8,18));
#1179=IFCINDEXEDPOLYGONALFACE((18,8,9,19));
#1180=IFCINDEXEDPOLYGONALFACE((85,75,76,86));
#1181=IFCINDEXEDPOLYGONALFACE((86,76,77,87));
#1182=IFCINDEXEDPOLYGONALFACE((9,3,14));
#1183=IFCINDEXEDPOLYGONALFACE((19,14,24));
#1184=IFCINDEXEDPOLYGONALFACE((9,8,2));
#1185=IFCINDEXEDPOLYGONALFACE((3,9,2));
#1186=IFCINDEXEDPOLYGONALFACE((14,19,9));
#1187=IFCINDEXEDPOLYGONALFACE((18,19,24));
#1188=IFCINDEXEDPOLYGONALFACE((28,27,23,24));
#1189=IFCINDEXEDPOLYGONALFACE((32,31,27,28));
#1190=IFCINDEXEDPOLYGONALFACE((40,39,35,36));
#1191=IFCINDEXEDPOLYGONALFACE((40,44,43,39));
#1192=IFCINDEXEDPOLYGONALFACE((36,35,31,32));
#1193=IFCINDEXEDPOLYGONALFACE((47,43,44,48));
#1194=IFCINDEXEDPOLYGONALFACE((2,7,1));
#1195=IFCINDEXEDPOLYGONALFACE((1,7,13));
#1196=IFCINDEXEDPOLYGONALFACE((17,13,7));
#1197=IFCINDEXEDPOLYGONALFACE((23,13,17));
#1198=IFCINDEXEDPOLYGONALFACE((17,18,23));
#1199=IFCINDEXEDPOLYGONALFACE((8,7,2));
#1200=IFCINDEXEDPOLYGONALFACE((24,23,18));
#1201=IFCINDEXEDPOLYGONALFACE((52,56,55,51));
#1202=IFCINDEXEDPOLYGONALFACE((56,60,59,55));
#1203=IFCINDEXEDPOLYGONALFACE((64,68,67,63));
#1204=IFCINDEXEDPOLYGONALFACE((68,72,71,67));
#1205=IFCINDEXEDPOLYGONALFACE((64,63,59,60));
#1206=IFCINDEXEDPOLYGONALFACE((82,87,77));
#1207=IFCINDEXEDPOLYGONALFACE((72,82,77));
#1208=IFCINDEXEDPOLYGONALFACE((93,87,82));
#1209=IFCINDEXEDPOLYGONALFACE((87,92,86));
#1210=IFCINDEXEDPOLYGONALFACE((92,87,93));
#1211=IFCINDEXEDPOLYGONALFACE((72,77,76));
#1212=IFCINDEXEDPOLYGONALFACE((72,76,71));
#1213=IFCINDEXEDPOLYGONALFACE((52,51,47,48));
#1214=IFCINDEXEDPOLYGONALFACE((71,76,75));
#1215=IFCINDEXEDPOLYGONALFACE((91,85,92));
#1216=IFCINDEXEDPOLYGONALFACE((81,75,85));
#1217=IFCINDEXEDPOLYGONALFACE((75,81,71));
#1218=IFCINDEXEDPOLYGONALFACE((85,91,81));
#1219=IFCINDEXEDPOLYGONALFACE((92,85,86));
#1220=IFCINDEXEDPOLYGONALFACE((92,93,96,95));
#1221=IFCINDEXEDPOLYGONALFACE((91,92,95,94));
#1222=IFCINDEXEDPOLYGONALFACE((78,88,89,79));
#1223=IFCINDEXEDPOLYGONALFACE((79,89,90,80));
#1224=IFCINDEXEDPOLYGONALFACE((10,20,21,11));
#1225=IFCINDEXEDPOLYGONALFACE((11,21,22,12));
#1226=IFCINDEXEDPOLYGONALFACE((90,96,84));
#1227=IFCINDEXEDPOLYGONALFACE((80,84,74));
#1228=IFCINDEXEDPOLYGONALFACE((90,89,95));
#1229=IFCINDEXEDPOLYGONALFACE((96,90,95));
#1230=IFCINDEXEDPOLYGONALFACE((84,80,90));
#1231=IFCINDEXEDPOLYGONALFACE((79,80,74));
#1232=IFCINDEXEDPOLYGONALFACE((70,69,73,74));
#1233=IFCINDEXEDPOLYGONALFACE((66,65,69,70));
#1234=IFCINDEXEDPOLYGONALFACE((58,57,61,62));
#1235=IFCINDEXEDPOLYGONALFACE((54,53,57,58));
#1236=IFCINDEXEDPOLYGONALFACE((62,61,65,66));
#1237=IFCINDEXEDPOLYGONALFACE((53,54,50,49));
#1238=IFCINDEXEDPOLYGONALFACE((95,88,94));
#1239=IFCINDEXEDPOLYGONALFACE((94,88,83));
#1240=IFCINDEXEDPOLYGONALFACE((78,83,88));
#1241=IFCINDEXEDPOLYGONALFACE((73,83,78));
#1242=IFCINDEXEDPOLYGONALFACE((78,79,73));
#1243=IFCINDEXEDPOLYGONALFACE((89,88,95));
#1244=IFCINDEXEDPOLYGONALFACE((74,73,79));
#1245=IFCINDEXEDPOLYGONALFACE((42,41,45,46));
#1246=IFCINDEXEDPOLYGONALFACE((38,37,41,42));
#1247=IFCINDEXEDPOLYGONALFACE((30,29,33,34));
#1248=IFCINDEXEDPOLYGONALFACE((26,25,29,30));
#1249=IFCINDEXEDPOLYGONALFACE((34,33,37,38));
#1250=IFCINDEXEDPOLYGONALFACE((16,12,22));
#1251=IFCINDEXEDPOLYGONALFACE((26,16,22));
#1252=IFCINDEXEDPOLYGONALFACE((6,12,16));
#1253=IFCINDEXEDPOLYGONALFACE((12,5,11));
#1254=IFCINDEXEDPOLYGONALFACE((5,12,6));
#1255=IFCINDEXEDPOLYGONALFACE((26,22,21));
#1256=IFCINDEXEDPOLYGONALFACE((26,21,25));
#1257=IFCINDEXEDPOLYGONALFACE((46,45,49,50));
#1258=IFCINDEXEDPOLYGONALFACE((25,21,20));
#1259=IFCINDEXEDPOLYGONALFACE((4,10,5));
#1260=IFCINDEXEDPOLYGONALFACE((15,20,10));
#1261=IFCINDEXEDPOLYGONALFACE((20,15,25));
#1262=IFCINDEXEDPOLYGONALFACE((10,4,15));
#1263=IFCINDEXEDPOLYGONALFACE((5,10,11));
#1264=IFCINDEXEDPOLYGONALFACE((5,6,3,2));
#1265=IFCINDEXEDPOLYGONALFACE((4,5,2,1));
#1266=IFCINDEXEDPOLYGONALFACE((84,96,93,82));
#1267=IFCINDEXEDPOLYGONALFACE((70,74,72,68));
#1268=IFCINDEXEDPOLYGONALFACE((74,84,82,72));
#1269=IFCINDEXEDPOLYGONALFACE((62,66,64,60));
#1270=IFCINDEXEDPOLYGONALFACE((58,56,52,54));
#1271=IFCINDEXEDPOLYGONALFACE((62,60,56,58));
#1272=IFCINDEXEDPOLYGONALFACE((66,70,68,64));
#1273=IFCINDEXEDPOLYGONALFACE((54,52,48,50));
#1274=IFCINDEXEDPOLYGONALFACE((42,46,44,40));
#1275=IFCINDEXEDPOLYGONALFACE((34,38,36,32));
#1276=IFCINDEXEDPOLYGONALFACE((38,42,40,36));
#1277=IFCINDEXEDPOLYGONALFACE((26,30,28,24));
#1278=IFCINDEXEDPOLYGONALFACE((6,16,14,3));
#1279=IFCINDEXEDPOLYGONALFACE((16,26,24,14));
#1280=IFCINDEXEDPOLYGONALFACE((30,34,32,28));
#1281=IFCINDEXEDPOLYGONALFACE((46,50,48,44));
#1282=IFCINDEXEDPOLYGONALFACE((83,81,91,94));
#1283=IFCINDEXEDPOLYGONALFACE((69,67,71,73));
#1284=IFCINDEXEDPOLYGONALFACE((73,71,81,83));
#1285=IFCINDEXEDPOLYGONALFACE((61,59,63,65));
#1286=IFCINDEXEDPOLYGONALFACE((57,53,51,55));
#1287=IFCINDEXEDPOLYGONALFACE((61,57,55,59));
#1288=IFCINDEXEDPOLYGONALFACE((65,63,67,69));
#1289=IFCINDEXEDPOLYGONALFACE((53,49,47,51));
#1290=IFCINDEXEDPOLYGONALFACE((41,39,43,45));
#1291=IFCINDEXEDPOLYGONALFACE((33,31,35,37));
#1292=IFCINDEXEDPOLYGONALFACE((37,35,39,41));
#1293=IFCINDEXEDPOLYGONALFACE((25,23,27,29));
#1294=IFCINDEXEDPOLYGONALFACE((4,1,13,15));
#1295=IFCINDEXEDPOLYGONALFACE((15,13,23,25));
#1296=IFCINDEXEDPOLYGONALFACE((29,27,31,33));
#1297=IFCINDEXEDPOLYGONALFACE((45,43,47,49));
#1298=IFCSHAPEREPRESENTATION(#473,'Body','Tessellation',(#1177));
#1299=IFCPRODUCTDEFINITIONSHAPE($,$,(#1298));
#1300=IFCRELCONTAINEDINSPATIALSTRUCTURE('1N47DiNAnSzxfB1wTMnocA',$,$,$,(#1172),#1168);
#1301=IFCRELAGGREGATES('0o$po48RDRdhM6IH2i$2vg',$,$,$,#10,(#14,#477,#642,#1168));
#1302=IFCRELAGGREGATES('308plvduTG$A6I03ZTY$cM',$,$,$,#1,(#10));
ENDSEC;
END-ISO-10303-21;
